sleep_hours,work_hours,screen_time,exercise_minutes,mood_score,productivity_score,burnout_risk
7.7,6.6,4.3,15,5,75.5,Low
6.8,6.5,5.2,0,7,81.3,Medium
7.9,3.5,4.5,60,6,77.1,Low
9.1,6.8,6.3,30,3,68.3,Medium
6.7,9.1,9.0,45,5,62.4,High
6.7,4.7,4.1,0,3,62.3,Low
9.2,9.8,8.5,0,9,78.7,Medium
8.1,8.6,4.0,0,2,68.2,Medium
6.3,5.9,3.9,15,6,73.4,Low
7.8,7.2,8.0,45,9,85.4,Low
6.4,11.0,8.3,15,10,81.0,Medium
6.3,9.1,8.1,0,7,57.8,High
7.3,7.5,2.7,0,5,81.4,Low
4.3,7.0,4.8,0,2,50.0,High
4.6,7.7,8.1,45,2,56.7,High
6.2,6.4,6.1,15,4,60.9,Medium
5.6,2.9,3.3,45,10,77.8,Low
7.4,12.0,7.1,30,2,56.2,High
5.7,7.8,4.2,0,8,77.2,Medium
5.0,8.4,10.5,0,10,65.1,High
9.1,7.4,9.9,45,7,79.4,Low
6.7,5.9,7.5,45,7,78.5,Low
7.1,7.1,9.4,15,3,54.1,High
5.0,4.0,6.2,0,7,54.7,Medium
6.2,12.5,7.9,0,8,62.5,High
7.2,4.8,9.7,0,5,53.5,Medium
5.4,5.2,6.6,0,1,49.6,High
7.5,6.5,5.4,0,1,54.6,Medium
6.2,10.3,1.7,15,4,83.0,Medium
6.6,7.5,5.8,0,2,61.1,High
6.2,4.8,8.1,0,7,55.8,Medium
9.6,10.3,8.4,60,3,69.7,Medium
7.0,9.1,7.3,30,4,58.6,High
5.5,8.7,4.6,60,9,87.8,Medium
8.2,9.1,1.1,15,2,82.7,Low
5.3,12.8,4.8,30,8,71.3,High
7.3,12.3,5.2,0,1,56.5,High
4.3,6.0,5.2,30,3,55.5,High
5.1,11.1,7.5,0,4,55.6,High
7.3,8.3,11.0,0,6,58.9,High
8.0,8.6,6.3,60,1,71.3,Medium
7.2,3.8,5.5,30,8,81.6,Low
6.8,7.1,5.4,60,2,77.2,Medium
6.6,5.7,6.3,15,5,69.7,Medium
4.9,9.3,3.9,15,6,71.4,Medium
6.0,9.9,6.3,15,8,70.4,Medium
6.4,2.9,7.1,45,3,46.6,Low
8.5,7.5,6.5,30,9,90.4,Low
7.5,10.0,7.1,60,5,81.2,Medium
4.5,7.1,7.1,0,8,63.5,High
7.5,9.1,1.6,45,4,85.1,Low
6.5,8.3,7.6,15,9,83.2,Medium
6.1,8.3,4.3,0,8,68.0,Medium
7.9,6.9,3.3,30,5,77.8,Low
8.4,4.8,3.2,30,3,79.4,Low
8.3,5.0,7.1,0,1,56.3,Medium
5.8,9.1,5.4,0,5,70.2,High
6.6,7.5,1.8,15,5,76.9,Low
7.5,7.2,7.2,15,4,72.5,Medium
8.4,6.6,2.4,15,10,96.4,Low
6.3,6.8,6.3,0,10,80.7,Low
6.7,9.8,6.6,0,8,77.6,Medium
5.5,6.8,8.2,90,3,63.8,High
5.3,4.5,10.5,60,10,67.9,Low
8.1,9.1,2.6,30,9,97.7,Low
8.9,7.0,5.9,90,3,73.1,Low
6.9,7.6,5.3,30,4,72.3,Medium
8.4,11.0,7.1,0,6,62.9,High
7.5,7.5,6.5,0,9,85.8,Low
6.1,8.1,5.1,60,10,89.0,Low
7.5,4.9,4.9,30,2,60.2,Low
9.2,7.0,3.2,45,2,77.9,Low
6.9,8.8,8.5,60,2,62.9,High
9.2,4.1,7.1,15,5,64.4,Low
3.5,7.9,8.3,0,6,55.7,High
8.2,7.7,5.2,0,3,71.7,Medium
7.1,7.6,4.4,0,3,68.6,Medium
6.6,9.8,3.3,0,2,65.0,High
7.1,8.2,6.9,15,6,69.4,Medium
4.2,10.8,3.4,0,1,43.7,High
6.7,5.3,10.6,0,9,69.2,Medium
7.5,7.8,2.7,15,10,92.7,Low
9.1,7.7,6.7,15,4,84.5,Medium
6.3,5.1,9.9,30,2,43.6,High
5.9,9.6,7.5,15,6,61.7,High
6.3,12.6,6.4,30,5,65.4,High
8.3,7.5,3.6,60,3,79.6,Low
7.5,8.6,2.5,0,3,76.0,Medium
6.3,7.7,7.9,0,5,68.0,High
7.7,5.9,9.8,60,4,65.2,Medium
7.1,3.5,4.9,30,5,66.4,Low
8.4,5.9,3.2,45,2,76.1,Low
6.0,4.4,1.0,0,1,56.6,Medium
6.5,11.2,3.5,45,5,77.8,Medium
6.5,7.2,5.7,60,1,57.8,Medium
5.0,6.7,10.0,30,3,52.5,High
7.4,9.5,7.7,0,8,74.8,Medium
7.4,5.0,6.8,60,8,79.4,Low
7.0,5.8,5.0,45,9,84.2,Low
6.7,7.6,4.5,45,1,67.7,Medium
5.0,9.8,9.5,0,4,52.2,High
6.4,8.6,6.5,45,6,71.1,Medium
6.5,8.0,1.0,0,7,88.1,Low
5.9,7.7,4.3,0,5,71.1,Medium
6.8,8.4,3.9,30,7,86.8,Low
7.6,7.9,4.6,0,10,91.9,Low
9.6,5.2,7.4,30,8,81.4,Low
7.2,7.6,5.7,30,10,94.9,Low
7.4,5.1,5.8,0,6,70.1,Low
6.9,7.7,9.3,30,4,63.1,High
4.3,6.4,4.3,60,1,59.3,Medium
7.0,13.1,10.7,0,5,44.2,High
7.1,7.4,4.3,30,10,97.0,Low
10.4,4.4,6.2,15,10,93.0,Low
6.7,7.2,5.3,30,10,83.3,Low
7.4,8.6,6.3,0,4,72.6,Medium
7.0,11.2,7.1,15,5,66.5,High
5.4,6.2,7.1,0,4,56.6,High
8.6,4.0,4.1,90,9,92.7,Low
8.1,9.3,3.2,30,3,80.5,Medium
8.1,4.5,12.3,30,3,43.8,Medium
5.7,6.5,4.8,15,10,77.2,Low
9.0,6.9,7.7,30,7,81.8,Low
5.0,7.3,2.0,15,2,66.3,Medium
7.8,9.0,5.3,15,9,93.1,Low
10.1,6.0,5.7,30,8,92.4,Low
5.6,6.9,7.2,0,6,63.1,Medium
6.2,7.5,1.0,0,9,96.2,Low
7.1,7.8,6.4,30,3,66.1,Medium
6.3,7.7,3.1,45,4,74.9,Low
4.8,8.5,6.8,0,7,72.6,High
7.1,9.4,3.4,0,1,61.7,High
5.5,8.4,3.9,0,1,60.8,High
7.7,8.5,5.3,90,1,78.2,Medium
5.7,4.0,3.4,45,8,76.5,Low
9.2,7.6,4.8,30,6,89.9,Low
5.9,8.6,3.0,60,3,81.2,Medium
6.5,9.1,1.4,15,10,91.3,Low
8.1,6.0,8.5,90,7,75.3,Low
5.3,6.1,2.8,0,6,73.5,Medium
7.3,6.2,5.6,0,5,66.7,Medium
8.8,8.7,7.9,30,3,73.1,Medium
4.7,9.8,4.5,15,4,60.8,High
7.3,6.6,3.9,30,1,67.8,Medium
7.4,9.5,6.6,15,9,79.6,Medium
8.1,7.8,8.8,30,5,74.3,Medium
5.3,7.2,3.1,0,2,57.9,High
5.2,7.0,5.6,0,9,78.0,Medium
7.7,9.1,1.7,60,7,100.0,Low
7.4,8.2,5.0,60,8,88.6,Low
7.4,12.5,6.1,90,3,66.5,High
7.5,5.6,3.9,45,7,82.7,Low
6.0,8.6,4.9,30,1,61.0,High
7.3,6.3,2.5,30,6,73.9,Low
7.4,5.6,6.2,0,10,81.5,Low
6.0,7.5,8.6,0,6,61.8,High
9.6,7.8,3.3,0,10,100.0,Low
7.7,13.9,4.4,60,6,77.9,High
5.3,7.1,7.3,0,3,53.8,High
7.9,5.0,9.0,60,6,70.2,Low
5.6,8.1,2.3,30,3,67.7,Medium
8.1,2.9,5.6,45,10,81.8,Low
8.6,7.3,6.7,0,9,85.7,Low
5.9,7.5,5.7,0,7,74.9,Medium
8.3,9.2,1.0,90,4,90.2,Low
7.6,9.6,7.3,0,3,61.8,High
8.2,6.4,9.8,0,6,71.6,Medium
9.7,7.2,6.3,0,9,81.3,Low
6.7,5.8,3.4,0,3,63.1,Medium
5.9,5.0,4.7,0,8,63.0,Low
5.8,8.2,10.4,30,6,62.0,High
5.9,4.7,8.3,30,4,55.1,Medium
6.9,6.6,7.6,30,5,64.4,Medium
7.5,5.3,6.9,0,3,60.5,Medium
7.4,8.7,4.3,45,2,77.0,Medium
8.2,11.5,5.5,45,9,90.2,Medium
7.0,4.6,5.8,0,3,53.3,Medium
9.0,3.4,7.4,15,6,69.3,Low
6.6,7.2,9.8,0,5,64.7,Medium
10.8,7.5,8.8,45,10,94.1,Low
7.9,8.0,2.5,45,8,100.0,Low
5.8,6.5,6.6,60,5,62.5,Medium
5.5,7.1,7.8,0,8,61.8,Medium
7.7,8.3,7.5,30,5,68.5,Medium
6.7,9.8,4.4,0,10,86.5,Medium
8.0,3.2,13.3,15,6,52.9,Medium
7.7,6.7,2.8,30,5,73.9,Low
6.9,8.0,3.3,0,2,72.2,Medium
5.8,5.5,6.6,45,10,78.3,Low
4.9,11.3,11.3,30,10,58.3,High
6.4,6.1,3.9,45,6,79.5,Low
8.2,7.4,5.3,0,7,80.8,Medium
7.3,8.7,8.7,60,3,74.2,High
5.3,6.2,6.0,90,3,65.4,Medium
7.2,3.4,5.2,60,7,74.1,Low
7.5,6.6,7.4,45,10,89.6,Low
5.8,9.8,6.7,45,4,68.8,High
7.2,6.8,8.6,30,2,61.9,High
7.1,5.6,9.2,0,9,73.2,Low
5.4,9.5,6.8,30,9,81.9,Medium
7.5,6.8,6.7,45,6,81.4,Low
7.8,6.4,6.5,90,2,73.2,Medium
8.5,7.8,7.2,30,3,69.4,Medium
8.5,9.2,6.1,0,5,79.9,Medium
5.1,12.7,6.0,30,5,56.3,High
5.7,9.3,9.0,90,9,80.6,Medium
7.7,10.1,9.8,0,10,75.1,Medium
7.7,6.4,2.2,15,3,77.0,Low
7.7,5.2,6.0,30,2,64.9,Medium
11.0,7.6,4.3,0,10,100.0,Low
7.8,7.7,5.2,0,8,79.8,Low
8.6,5.1,7.0,15,7,78.9,Low
8.3,7.1,7.7,60,9,93.7,Low
7.9,8.4,5.7,0,3,74.9,High
6.6,8.3,1.2,15,6,89.8,Medium
8.1,8.6,3.6,45,5,89.6,Low
5.9,8.1,8.2,90,5,69.0,Low
6.7,6.4,1.0,90,10,100.0,Low
6.3,6.4,9.0,15,8,76.3,Medium
7.1,4.9,7.3,90,1,54.8,Medium
10.2,11.4,9.3,0,1,51.6,High
4.4,7.5,5.5,45,3,60.3,High
8.0,7.0,1.0,30,2,82.6,Low
4.7,5.5,7.1,0,2,43.3,High
6.3,14.0,9.2,30,2,49.7,High
8.5,5.1,8.3,0,4,56.4,Low
7.1,6.6,4.3,60,1,60.1,Medium
5.5,8.4,6.2,15,10,87.7,Medium
6.0,8.8,4.7,30,9,79.8,Medium
8.0,9.6,4.0,0,5,78.6,Medium
6.0,11.5,8.4,0,5,60.1,High
7.3,8.6,3.0,90,9,100.0,Low
7.1,5.2,3.8,45,5,71.5,Low
6.1,6.9,3.2,90,8,96.8,Low
10.0,8.2,2.3,0,1,80.2,Medium
7.9,12.1,6.4,0,1,52.2,High
4.2,4.4,8.9,30,4,49.1,Medium
7.3,10.1,5.5,30,8,81.3,Medium
6.1,7.9,2.2,0,3,68.3,Medium
8.2,9.3,8.1,45,1,57.3,High
5.9,7.3,10.2,15,9,73.9,Medium
6.8,5.6,4.4,0,9,82.0,Low
7.7,9.2,4.8,15,9,87.5,Medium
8.2,8.9,7.3,30,9,81.8,Low
5.3,9.6,10.1,45,2,52.5,High
6.5,7.5,4.7,30,4,69.7,Medium
6.3,6.2,2.7,30,2,58.2,Low
6.1,4.1,7.6,0,7,58.9,Medium
9.5,9.3,8.0,60,3,78.6,Medium
7.6,8.4,6.0,60,9,95.8,Low
5.2,5.4,4.6,30,7,70.2,Low
8.3,6.3,8.5,0,8,73.2,Low
10.0,6.5,7.3,30,9,89.8,Low
8.4,4.2,4.1,30,8,88.7,Low
4.9,5.7,6.1,90,7,65.0,Low
6.3,5.0,2.6,90,9,87.7,Low
8.8,6.6,7.7,60,1,64.1,Medium
6.0,5.9,5.3,0,4,51.8,Medium
7.6,3.9,4.9,90,4,70.8,Low
8.1,11.9,5.9,30,5,66.9,High
5.7,10.3,6.1,45,8,78.2,Medium
6.9,5.8,8.2,15,10,74.5,Low
3.5,8.1,7.5,15,1,40.9,High
5.6,8.4,5.6,30,6,70.2,Medium
6.6,10.1,7.9,0,9,76.5,Medium
5.3,5.7,7.0,15,10,72.8,Low
9.3,9.9,4.9,60,8,100.0,Low
5.0,6.3,5.7,0,2,54.4,High
6.4,4.6,5.6,0,7,65.2,Low
7.2,9.1,7.3,0,5,64.1,High
9.0,10.3,5.1,15,2,67.6,Medium
5.0,13.2,5.0,90,1,63.9,High
8.6,4.9,10.9,0,2,44.3,Medium
7.0,9.0,8.3,0,10,79.1,Medium
5.6,6.6,4.1,60,6,77.5,Low
7.6,9.2,7.4,60,8,86.8,Low
7.3,4.3,6.3,0,3,54.9,Medium
6.2,4.7,7.0,45,5,68.2,Medium
7.1,5.8,6.3,30,2,59.4,Medium
6.5,7.7,9.0,45,8,75.4,Medium
7.2,6.1,6.9,30,4,68.5,Medium
7.9,8.9,5.8,90,10,96.8,Low
9.2,9.8,8.6,0,6,75.6,Medium
5.3,8.8,6.6,0,3,53.7,High
10.0,11.1,6.3,15,8,93.0,Low
4.3,8.4,6.8,15,8,74.7,Medium
6.8,4.8,5.8,60,3,61.5,Low
7.8,10.5,6.0,30,9,82.5,Medium
7.4,6.2,4.5,0,10,80.0,Low
6.1,9.5,4.1,15,5,72.3,Medium
6.7,11.0,3.5,15,10,79.8,Medium
6.3,8.5,2.5,90,9,99.4,Low
6.2,4.2,3.8,30,7,70.1,Low
8.2,5.5,5.6,30,10,91.5,Low
7.5,10.4,6.3,45,3,66.7,High
6.0,7.1,5.3,45,6,72.7,Low
8.3,7.7,1.0,30,10,100.0,Low
7.4,9.2,9.9,0,2,47.0,High
8.1,9.0,8.7,60,6,79.6,Medium
7.9,8.1,7.1,45,5,85.6,Medium
5.8,7.0,10.8,45,3,54.4,High
6.2,6.8,3.6,90,7,86.0,Low
8.0,9.4,10.7,45,4,58.9,High
7.9,8.7,3.6,45,6,91.9,Low
7.0,6.9,6.6,90,9,85.1,Low
7.2,9.9,2.8,0,6,79.7,Medium
8.8,7.2,6.0,30,4,79.5,Low
6.2,5.6,7.0,30,10,74.1,Low
7.8,5.8,5.6,15,2,57.0,Medium
6.7,5.3,7.8,45,9,70.5,Low
6.7,6.9,6.2,45,4,74.9,Medium
8.5,10.2,4.7,45,4,85.2,Medium
8.2,5.7,4.6,90,2,80.5,Low
8.1,7.9,8.0,0,5,77.9,Medium
8.8,6.1,4.4,45,6,82.9,Low
7.0,6.9,8.3,30,10,74.7,Low
8.0,4.2,9.1,15,6,68.1,Low
6.6,7.0,1.8,0,3,74.7,Medium
7.5,7.1,8.8,60,9,87.0,Low
6.8,8.7,11.2,30,7,62.0,High
7.1,8.0,6.6,45,3,69.6,High
7.8,4.9,7.5,30,4,62.6,Low
5.9,9.9,8.6,0,7,62.9,High
9.9,8.0,5.3,15,8,92.8,Low
5.6,7.9,6.5,15,6,61.7,High
5.3,7.5,2.7,90,4,75.7,Low
8.6,6.4,6.3,0,2,51.3,High
8.1,8.0,7.2,90,10,97.7,Low
7.9,8.5,7.3,90,8,88.5,Low
7.9,3.7,8.7,90,1,48.5,Low
7.0,6.3,4.1,30,9,89.1,Low
5.7,6.9,4.7,90,8,85.0,Low
7.1,8.1,10.7,15,3,54.2,High
6.1,10.1,5.6,0,10,86.3,Medium
8.4,5.8,6.5,0,4,64.8,Medium
6.8,6.4,5.8,60,10,91.2,Low
5.8,6.4,3.9,0,4,59.6,Medium
6.6,5.7,10.1,30,2,47.7,High
7.6,6.7,4.7,0,10,88.8,Low
6.2,9.2,3.2,0,5,73.3,Medium
5.8,5.2,4.9,0,3,49.8,Medium
7.3,8.4,1.0,60,1,74.1,Medium
7.3,3.8,4.4,30,2,56.6,Low
6.3,6.3,3.6,60,7,88.3,Low
6.3,6.8,7.5,30,1,46.3,High
7.3,11.2,4.3,90,2,78.2,Medium
5.0,6.9,8.2,30,10,71.4,Medium
5.0,2.7,9.5,30,7,49.1,Low
6.0,3.1,8.0,30,1,42.5,Medium
6.7,7.6,5.5,30,7,78.8,Medium
7.4,8.9,6.4,45,8,84.2,Medium
9.1,8.3,2.2,30,2,88.5,Low
8.2,7.9,5.7,45,4,83.2,Low
6.8,10.1,3.8,45,7,86.5,Medium
7.0,6.3,7.7,0,1,48.8,High
5.6,9.5,12.4,30,6,53.3,High
7.0,3.9,7.2,0,5,51.9,Low
6.6,5.5,1.0,30,6,80.5,Low
7.5,3.5,5.1,30,8,75.6,Low
5.8,6.9,6.3,90,1,60.2,Medium
7.7,7.4,6.2,0,3,66.8,High
9.1,7.8,4.2,0,9,100.0,Low
6.8,7.6,6.6,0,8,71.6,Medium
7.6,5.5,2.9,15,4,70.2,Low
8.0,7.1,3.6,45,10,100.0,Low
6.4,4.2,7.6,45,9,81.6,Low
7.3,10.5,3.5,45,7,81.3,Medium
7.0,6.8,7.3,60,2,59.5,Medium
7.1,6.4,2.6,15,1,59.3,Medium
5.9,11.0,10.4,0,1,29.2,High
7.0,4.8,4.1,0,3,61.3,Low
7.7,5.0,5.4,60,10,92.2,Low
9.0,5.1,6.8,45,2,63.3,Low
8.3,7.4,4.6,30,4,77.5,Low
10.0,8.4,6.4,15,8,92.6,Low
5.9,9.1,7.4,15,5,60.9,High
8.2,13.2,8.4,90,5,70.2,High
7.3,2.6,8.0,0,6,60.2,Low
10.1,8.8,5.6,45,5,85.2,Low
5.9,6.3,5.6,15,5,63.6,Medium
5.8,6.2,11.9,0,7,52.4,High
6.2,6.1,8.4,45,6,62.8,Low
4.0,5.5,3.7,15,10,75.8,Low
6.3,11.2,6.2,45,2,47.5,High
5.9,9.4,5.2,45,1,61.0,High
7.2,7.6,5.7,30,1,58.7,High
7.5,10.5,2.9,45,4,74.9,Medium
9.6,4.2,5.0,30,2,66.2,Low
8.3,4.6,10.5,0,6,52.9,Medium
6.2,2.7,7.4,45,9,72.3,Low
5.7,6.0,1.0,30,10,89.0,Low
7.7,7.9,9.0,0,10,93.0,Medium
5.2,7.7,8.7,60,8,75.8,Medium
9.6,7.8,5.1,30,4,81.6,Low
8.7,4.4,7.8,60,2,59.2,Low
6.3,9.3,3.9,60,1,66.1,High
4.6,8.0,4.8,15,7,79.8,High
8.9,9.1,9.7,30,10,91.0,Medium
6.8,3.3,5.3,15,3,57.2,Low
8.7,8.2,1.3,15,6,93.4,Low
4.8,4.9,5.8,60,5,58.6,Low
6.2,6.6,5.8,45,5,72.4,Low
7.0,8.7,9.0,0,2,58.3,High
7.1,7.7,6.0,30,9,86.7,Medium
6.4,5.6,4.9,90,4,69.2,Low
7.9,7.5,8.6,30,10,82.5,Low
5.5,4.1,6.3,45,1,38.8,Medium
6.8,10.0,4.1,45,2,65.3,High
7.2,7.0,8.9,15,9,75.6,Low
7.7,10.0,6.5,15,7,77.1,Medium
8.0,6.3,6.0,45,10,93.8,Low
5.4,6.3,6.4,30,2,51.0,High
4.9,5.8,3.3,30,7,80.3,Low
8.8,9.4,4.7,45,4,76.6,Low
7.5,5.9,6.0,45,10,91.2,Low
6.0,8.9,5.5,0,2,52.5,High
9.2,6.7,9.2,0,4,61.8,Medium
7.2,3.2,6.5,0,5,57.8,Low
8.7,6.2,8.1,30,4,72.1,Low
7.1,4.9,6.0,15,3,56.8,Medium
9.9,7.6,8.6,30,6,82.4,Low
9.5,4.9,7.0,0,1,62.0,Medium
6.7,9.5,6.0,30,8,75.5,Medium
8.4,7.3,6.0,15,5,79.8,Medium
7.9,7.1,3.6,30,8,88.7,Low
8.9,8.9,7.3,15,10,92.8,Low
5.6,9.6,5.9,0,4,61.9,High
8.0,7.5,4.7,60,4,76.3,Low
8.5,5.8,8.8,0,5,60.9,Medium
4.5,3.6,2.9,30,5,62.2,Low
5.3,6.0,4.9,60,6,70.6,Low
4.1,6.1,8.6,30,5,48.3,High
6.6,7.7,6.8,60,5,74.8,Medium
8.0,6.7,5.9,0,8,77.1,Low
9.1,9.0,6.6,30,6,78.4,Medium
7.1,6.2,6.4,30,2,49.8,Medium
9.3,7.4,2.2,0,4,86.6,Low
5.1,10.1,5.1,15,4,60.6,High
4.6,8.3,10.0,15,5,55.2,High
6.9,7.4,4.4,30,6,84.9,Low
7.5,6.2,5.2,60,5,76.1,Low
7.0,6.1,4.6,0,6,72.2,Low
4.1,5.6,5.8,15,8,65.9,Medium
6.9,6.3,4.5,15,4,66.0,Low
5.2,9.2,7.2,30,3,50.2,High
7.9,7.0,6.5,45,9,84.3,Low
7.5,4.5,7.9,15,3,53.4,Medium
5.7,11.4,3.4,0,8,79.6,Medium
6.3,8.2,5.1,45,10,98.1,Low
5.5,4.4,5.4,60,5,62.1,Low
6.9,6.5,7.1,30,9,80.8,Low
8.3,7.7,4.0,30,3,85.4,Low
5.6,11.3,8.3,0,10,71.6,High
7.7,5.1,9.0,0,10,74.6,Low
6.3,9.6,3.5,0,8,82.2,Medium
5.9,10.6,4.8,15,7,75.4,High
6.9,6.1,4.7,60,7,77.2,Low
5.6,6.9,12.6,30,10,68.6,Medium
6.2,5.2,4.9,0,9,77.2,Low
5.3,7.1,10.2,0,8,65.5,High
9.8,7.4,2.8,15,3,86.2,Low
7.0,9.0,3.5,30,6,86.5,Low
6.0,9.9,4.3,15,6,69.2,Medium
7.3,5.9,3.9,15,5,71.0,Low
6.8,3.2,5.3,30,3,55.8,Low
6.7,7.5,4.2,0,9,83.1,Low
7.9,8.1,4.0,0,7,89.7,Low
8.1,8.0,8.9,0,4,59.8,High
6.3,6.8,9.1,0,6,59.9,Medium
6.2,7.8,8.4,0,5,59.4,High
6.6,10.8,7.3,15,1,47.0,High
3.8,8.3,6.2,45,2,47.8,High
4.9,6.7,4.8,45,1,54.8,Medium
8.9,6.4,3.6,30,9,96.3,Low
9.3,7.1,6.9,60,9,100.0,Low
6.7,11.1,3.1,0,5,81.3,Medium
7.8,7.1,3.5,60,8,90.6,Low
7.4,7.5,8.9,15,10,74.5,Low
11.0,6.4,10.8,15,4,64.4,Medium
8.6,9.9,7.0,15,1,60.3,High
6.8,11.8,8.8,0,4,57.4,High
5.7,8.5,5.4,90,7,81.8,Medium
4.8,7.7,2.7,0,2,62.8,High
7.3,7.6,7.5,15,2,56.7,High
5.9,2.3,7.4,15,6,49.5,Low
5.0,9.1,6.2,0,9,74.3,High
6.1,7.8,5.4,0,3,62.4,High
5.5,8.4,8.4,0,7,65.0,High
9.4,5.9,3.5,0,10,92.7,Low
8.2,6.7,4.1,60,9,100.0,Low
7.0,6.6,3.5,15,9,93.0,Low
9.1,9.7,6.2,0,4,77.7,Medium
7.1,6.7,3.3,30,2,65.9,Medium
5.8,12.1,4.3,90,1,60.9,High
9.1,8.4,4.2,0,6,84.7,Low
7.8,4.7,5.3,0,5,62.7,Low
5.5,7.2,2.3,90,6,87.2,Low
6.7,6.1,6.2,0,7,62.0,Medium
5.8,2.7,9.1,30,9,62.7,Low
5.1,11.0,6.3,0,10,68.5,High
8.3,9.0,9.9,60,10,86.7,Low
9.7,8.7,9.3,90,6,77.3,Low
5.0,7.9,7.9,45,6,74.1,Medium
7.8,4.5,6.2,15,3,61.7,Low
6.1,6.4,6.1,15,8,74.5,Low
6.3,9.4,7.9,0,9,71.2,High
6.2,5.2,5.0,60,1,52.3,Low
5.8,1.9,1.3,60,6,69.5,Low
7.1,7.0,7.2,15,7,75.3,Medium
5.8,7.2,3.2,30,8,83.5,Low
7.4,7.8,3.6,0,10,96.6,Low
6.9,9.1,6.0,15,8,87.7,Medium
6.7,8.9,5.8,30,7,74.6,Medium
5.7,8.1,2.5,15,8,87.1,Low
6.2,10.1,6.4,15,9,84.6,Medium
8.1,4.2,8.4,0,10,73.3,Low
7.7,8.6,3.2,45,7,91.2,Low
5.6,8.9,9.2,60,3,58.5,High
7.1,4.8,2.1,90,9,98.1,Low
8.1,4.2,11.3,45,1,47.9,High
4.7,5.9,5.0,30,8,72.0,Low
7.8,6.0,6.4,0,6,67.7,Low
6.1,9.2,1.3,90,3,83.6,Low
7.8,6.1,5.8,30,9,81.9,Low
5.9,5.6,6.6,30,6,66.4,Low
4.5,6.2,5.8,30,7,66.8,Medium
4.7,10.0,4.6,45,2,57.7,High
7.1,7.5,3.6,0,1,63.3,High
7.4,7.1,8.8,0,1,54.6,High
5.7,7.3,6.1,30,3,63.5,Medium
7.9,10.3,9.9,60,3,64.1,High
4.7,5.9,4.7,30,8,70.5,Low
6.9,10.4,4.9,15,7,70.6,Medium
5.3,8.0,8.0,15,10,75.9,Medium
6.1,7.1,1.9,45,8,92.0,Low
7.1,13.0,3.0,45,1,62.0,High
5.8,5.2,8.7,30,4,50.1,Medium
6.5,6.7,3.1,0,8,83.3,Low
8.4,4.8,1.5,60,10,100.0,Low
6.2,9.6,10.7,30,2,47.4,High
8.2,11.2,2.5,45,7,82.3,Medium
5.4,11.2,6.5,0,8,70.1,High
7.7,10.2,6.2,15,9,86.4,Medium
9.0,7.1,1.0,60,7,100.0,Low
3.5,6.7,5.3,0,9,65.3,Medium
5.9,3.8,7.1,30,2,43.6,Medium
7.8,12.0,6.9,30,1,55.8,High
6.7,8.5,8.3,45,1,55.9,High
7.5,6.4,5.0,0,4,74.3,Medium
6.2,10.4,7.8,0,1,44.6,High
7.1,5.4,4.3,60,7,81.1,Low
6.8,8.4,2.5,30,8,89.5,Low
8.6,7.1,2.8,0,3,82.9,Low
7.4,8.9,2.3,0,1,69.7,High
7.5,7.4,8.5,90,3,75.8,Medium
6.4,4.3,2.2,0,2,69.6,Low
6.3,7.7,6.7,30,6,69.7,Medium
6.4,9.8,5.3,15,7,79.7,Medium
7.6,7.4,5.7,60,9,91.6,Low
6.4,9.2,9.4,45,5,60.7,High
7.4,5.2,4.9,30,4,61.9,Low
9.9,7.4,7.5,0,1,73.3,Medium
8.2,6.1,6.1,60,6,84.6,Low
6.5,9.1,5.6,15,8,78.7,Medium
8.7,7.6,11.7,60,4,69.1,Medium
6.4,9.0,2.4,30,1,59.6,High
4.1,9.9,9.2,30,5,51.2,High
5.6,9.0,7.6,0,10,72.9,High
4.4,8.1,4.8,45,5,74.9,Medium
6.5,5.3,10.1,15,2,49.4,High
7.0,7.5,1.4,15,6,90.0,Low
9.3,6.3,4.7,0,10,98.6,Low
7.5,6.7,3.0,0,9,87.3,Low
6.7,6.7,7.0,0,6,70.0,Medium
8.2,5.3,3.2,15,8,81.0,Low
3.9,3.2,7.1,60,10,58.9,Low
7.3,6.0,5.5,15,3,62.9,Medium
8.1,7.9,4.8,45,10,100.0,Low
4.9,4.5,7.0,0,2,42.9,High
8.6,7.5,5.3,30,4,73.4,Low
7.5,11.7,3.3,30,9,82.9,Medium
6.4,9.8,13.0,90,9,69.5,Medium
7.9,11.1,4.8,45,3,67.2,Medium
10.2,8.4,1.0,30,1,89.1,Low
7.3,10.1,3.9,45,1,62.1,High
7.3,5.9,2.8,0,4,79.0,Low
6.4,6.1,8.1,30,4,59.9,Medium
5.8,1.5,6.8,0,10,60.6,Low
8.2,10.1,7.0,15,6,70.0,Medium
5.8,10.9,5.1,0,5,57.9,High
7.1,6.3,5.3,45,6,75.7,Low
6.3,6.9,5.1,30,10,84.8,Low
7.7,5.8,5.8,45,7,72.9,Low
7.5,8.3,8.1,30,7,83.0,Medium
8.5,10.0,6.8,0,10,83.1,Low
6.3,3.7,7.3,45,10,75.2,Low
6.6,8.4,7.2,45,9,85.9,Medium
5.6,6.9,8.2,60,6,60.8,Medium
6.4,7.7,6.7,30,8,78.0,Medium
7.5,8.5,6.9,45,2,60.3,High
8.1,7.1,9.0,45,8,82.2,Low
5.7,7.3,4.3,0,9,81.5,Low
8.2,7.0,3.9,0,4,75.0,Medium
8.9,9.6,3.0,0,5,80.1,Medium
7.6,8.4,6.5,15,5,78.3,Medium
9.6,8.0,1.4,30,2,85.8,Low
5.9,4.7,7.2,90,5,58.8,Low
5.3,6.7,5.7,15,9,72.3,Low
4.5,9.5,8.8,45,4,45.5,High
9.1,7.6,4.3,30,10,99.8,Low
7.9,9.0,5.5,0,3,64.3,High
6.9,11.4,8.8,0,7,66.5,High
7.4,9.8,9.5,30,8,76.1,Medium
5.4,7.7,4.3,45,10,90.6,Low
10.4,6.4,6.5,90,6,96.5,Low
7.2,1.9,6.7,15,6,52.5,Low
7.2,7.1,6.9,60,5,75.6,Medium
8.0,6.8,5.3,15,6,72.8,Medium
7.7,8.4,9.2,30,9,79.9,Low
7.3,7.2,1.3,30,2,77.3,Low
5.9,6.8,4.9,0,10,80.1,Low
7.7,3.6,7.1,0,3,58.5,Medium
9.6,5.4,7.1,0,1,57.2,Medium
8.9,8.5,9.4,15,4,71.4,High
9.2,11.3,9.0,45,2,60.8,High
6.3,7.3,5.3,0,6,72.1,Medium
5.6,8.2,9.2,30,1,46.7,High
6.8,9.6,4.2,0,8,82.3,Medium
7.1,5.7,8.3,45,10,87.4,Low
8.5,8.3,10.5,45,6,80.3,Medium
4.6,5.9,9.0,45,9,64.2,Low
9.1,9.4,6.3,30,6,82.1,Low
6.8,7.8,5.2,0,10,88.3,Low
6.4,8.2,2.2,45,7,92.4,Low
5.6,5.8,6.8,0,5,64.7,Medium
4.7,9.1,3.2,0,8,81.8,Medium
8.2,12.1,4.0,0,8,81.6,Medium
7.1,5.3,3.0,30,10,92.4,Low
5.2,6.8,4.8,30,9,80.9,Medium
5.2,8.0,5.9,30,6,68.8,Medium
6.5,9.2,6.7,15,1,58.4,High
9.3,6.3,4.5,0,9,82.1,Low
6.6,1.3,8.7,60,3,47.7,Low
4.9,10.5,5.5,30,9,77.3,Medium
6.7,9.2,4.0,15,7,73.8,Medium
6.6,3.7,6.6,30,3,48.4,Low
3.5,6.2,10.9,0,9,44.4,High
6.9,11.0,6.8,0,7,76.3,High
6.7,10.7,5.1,15,7,71.3,High
8.0,9.6,2.2,0,7,91.8,Low
9.6,7.1,5.5,0,2,74.6,Medium
8.6,7.7,6.6,60,4,78.8,Low
6.6,7.2,5.0,30,10,86.8,Low
5.5,10.0,1.8,30,8,87.2,Low
10.6,5.6,3.9,30,2,78.7,Low
7.1,5.7,9.6,90,4,67.0,Medium
7.0,9.7,9.6,0,10,70.4,High
7.0,7.4,3.8,45,8,94.1,Low
7.3,10.5,7.7,30,3,65.9,High
6.8,6.0,3.1,0,6,74.1,Low
6.2,7.4,9.5,0,2,44.3,High
6.2,5.5,6.6,30,8,70.5,Low
7.0,7.5,8.4,30,8,74.5,Medium
6.2,4.2,1.7,0,1,54.1,Low
6.0,6.4,7.7,30,3,52.6,Medium
7.1,4.3,6.0,30,2,56.5,Medium
6.6,9.0,8.1,15,7,73.3,Medium
9.1,9.1,8.3,60,7,83.9,Low
3.5,3.7,6.2,60,4,40.1,Medium
8.5,10.4,4.5,30,8,91.3,Low
8.7,13.0,7.9,90,3,61.7,High
4.1,7.6,5.8,0,9,73.0,Medium
6.5,6.1,3.8,0,5,69.6,Medium
6.5,13.7,3.7,15,2,54.7,High
5.0,4.6,2.3,30,9,81.4,Low
5.9,7.5,4.7,30,1,61.0,Medium
5.4,7.9,8.8,30,8,72.5,High
9.5,10.5,6.4,0,6,82.0,Medium
8.3,8.3,4.7,0,1,64.9,High
8.8,6.4,8.0,60,4,71.0,Low
8.0,5.4,3.9,60,3,77.9,Low
5.4,6.7,6.2,30,7,73.2,Medium
6.3,5.3,5.6,30,7,69.6,Low
7.7,7.6,7.9,30,6,67.0,Medium
5.3,6.3,2.1,0,10,86.9,Low
8.0,4.2,3.9,15,10,89.0,Low
6.7,10.3,1.9,30,8,84.2,Medium
6.5,6.4,5.4,30,7,72.7,Low
8.0,4.7,9.0,0,4,53.3,Medium
7.6,7.1,4.7,90,7,93.2,Low
6.5,7.7,4.7,45,1,74.2,Medium
8.6,3.7,8.2,0,3,57.6,Low
5.5,8.2,8.7,30,2,46.2,High
7.9,5.2,5.8,60,7,78.9,Low
7.8,11.3,7.7,0,9,76.3,High
6.6,8.7,3.3,30,5,80.8,Medium
7.5,6.6,9.4,30,9,73.9,Low
5.2,5.9,11.4,15,8,58.2,High
8.3,7.3,7.3,45,1,61.7,Medium
6.7,8.8,1.0,15,2,75.7,Medium
6.3,7.4,4.6,0,6,73.9,Medium
8.5,7.0,7.5,0,5,78.9,Medium
6.0,7.6,4.9,0,7,79.4,Medium
5.0,6.2,9.2,15,9,69.9,Medium
4.8,6.7,7.5,45,4,52.9,High
7.8,2.9,4.2,0,8,71.4,Low
5.2,9.6,6.1,30,4,62.5,High
9.5,8.2,3.8,30,3,78.8,Low
4.1,5.8,5.5,0,2,49.1,High
9.4,11.7,4.6,30,8,90.8,Medium
7.3,7.7,8.9,30,8,82.0,Medium
6.9,5.2,11.3,30,3,48.5,High
6.2,9.4,2.4,15,1,63.6,High
7.6,8.4,1.2,30,6,91.3,Low
6.9,8.4,5.4,90,5,79.2,Medium
8.5,6.6,2.2,15,8,90.8,Low
7.2,8.5,6.1,15,6,79.6,Medium
7.2,6.9,7.9,30,4,67.2,Medium
6.5,8.7,9.7,0,10,79.8,Medium
6.9,3.3,6.5,30,10,73.1,Low
7.4,6.5,5.5,15,2,66.5,Medium
4.6,11.3,1.1,0,8,76.4,Medium
5.1,5.8,6.1,30,5,62.9,Medium
8.0,6.2,6.2,0,8,84.4,Low
7.2,6.5,7.6,15,5,73.8,Medium
6.7,4.8,4.2,0,6,72.7,Low
7.0,2.6,4.9,0,10,74.9,Low
7.5,7.0,2.3,45,5,87.2,Low
6.2,7.8,1.0,60,3,85.8,Medium
5.9,7.4,3.2,0,10,91.1,Low
7.3,7.2,2.1,30,8,91.6,Low
5.6,7.6,6.8,0,3,58.8,High
7.6,9.8,4.7,30,4,79.1,Medium
4.6,7.1,4.7,15,6,74.6,Medium
8.4,6.2,3.5,0,2,68.6,Medium
7.7,6.9,1.0,45,7,90.7,Low
7.4,8.8,9.8,0,5,54.9,High
8.4,10.6,3.5,0,10,97.3,Low
9.3,6.1,5.0,45,5,76.6,Low
8.4,7.7,2.4,30,5,90.0,Low
4.4,8.2,8.4,30,2,52.9,High
5.2,5.3,6.4,30,10,74.0,Low
6.1,7.5,3.9,30,9,82.0,Medium
7.0,4.3,5.0,15,3,53.2,Low
7.7,3.6,10.2,15,7,55.1,Low
6.0,8.3,5.8,30,5,70.4,Medium
7.3,6.7,5.5,30,10,94.4,Low
5.9,7.9,3.6,30,10,92.3,Low
6.1,7.5,1.3,45,5,92.0,Low
5.0,5.4,5.6,15,4,59.4,Medium
5.7,7.4,6.8,15,10,81.4,Low
5.1,4.8,8.7,15,6,52.2,Medium
5.6,10.6,1.0,30,7,81.1,Medium
8.5,4.5,3.2,30,7,84.5,Low
5.7,7.1,4.5,60,8,86.1,Low
10.7,5.2,6.0,30,5,82.7,Low
7.7,8.8,5.6,60,7,85.1,Low
7.3,6.8,5.7,45,4,67.8,Low
5.8,6.4,7.0,90,9,90.2,Low
8.0,9.4,3.7,30,5,84.5,Medium
6.2,7.6,8.3,90,3,66.9,Medium
7.2,8.6,7.1,0,5,70.4,Medium
10.6,5.3,5.2,0,9,97.0,Low
6.9,4.4,10.0,30,8,61.5,Low
8.6,7.7,9.9,90,1,64.4,Medium
6.0,6.8,8.3,15,5,56.9,High
7.0,8.9,1.0,0,6,85.4,Medium
9.5,7.3,9.9,30,10,86.4,Low
6.1,8.0,8.0,30,2,52.8,High
9.5,3.9,11.0,15,6,55.2,Medium
8.0,11.7,9.1,45,9,85.0,Medium
6.2,7.1,9.9,90,4,61.8,Medium
7.9,9.0,8.2,60,3,70.1,Medium
8.4,5.7,9.4,0,9,74.9,Low
7.9,8.2,11.0,15,2,56.3,High
4.8,4.6,6.5,15,9,57.8,Medium
6.0,8.5,2.1,15,10,92.1,Low
6.7,6.7,5.2,0,2,63.4,Medium
6.9,7.6,7.0,45,10,96.4,Low
7.9,9.0,6.2,15,3,66.5,Medium
7.2,4.8,2.9,60,7,82.9,Low
5.1,6.0,1.9,60,2,69.8,Medium
7.5,8.5,4.1,0,1,66.2,High
7.9,12.1,8.0,90,9,85.3,Medium
7.8,7.2,10.0,45,6,70.5,Medium
8.5,8.8,8.3,30,9,84.2,Low
8.2,7.3,8.6,15,3,60.6,High
7.6,11.8,5.8,30,3,64.4,High
6.9,3.7,1.6,15,10,88.2,Low
4.7,7.7,4.9,30,3,62.7,High
7.6,3.9,5.4,0,2,50.8,Medium
7.3,2.0,4.8,30,6,69.7,Low
7.4,8.2,6.1,0,3,59.6,High
5.2,7.8,7.1,0,5,63.1,High
5.5,6.9,8.1,30,5,58.3,Medium
8.5,7.3,5.3,30,10,93.2,Low
6.9,14.0,1.2,15,3,65.2,High
8.0,6.9,4.8,0,3,62.4,Medium
7.0,8.6,6.1,60,1,65.7,High
7.0,6.1,9.1,30,6,71.2,Medium
8.3,8.1,4.6,0,3,71.0,Medium
6.3,7.0,7.3,30,1,62.6,High
7.1,6.6,6.7,30,10,82.0,Low
6.4,11.5,6.1,0,9,73.0,Medium
6.4,10.1,8.3,30,1,55.3,High
6.6,7.8,4.3,45,5,74.0,Medium
7.3,2.4,4.6,45,5,63.7,Low
6.3,6.7,6.0,0,2,62.1,High
8.8,13.4,4.4,60,1,61.4,High
5.7,7.0,7.3,15,6,67.4,High
6.7,9.9,4.2,60,7,86.4,Medium
6.4,10.7,6.6,0,9,67.3,Medium
9.0,8.0,5.7,30,8,90.9,Low
7.3,5.6,6.5,30,10,93.3,Low
8.4,2.1,4.9,0,3,56.6,Low
4.9,9.0,5.2,45,9,82.7,Medium
7.4,5.7,6.2,30,1,57.4,Medium
8.2,7.9,6.5,0,6,86.1,Medium
7.1,4.8,6.0,30,10,77.9,Low
8.5,6.9,10.3,30,2,54.6,Medium
6.3,7.6,3.5,0,10,89.3,Low
9.0,8.1,5.8,90,9,100.0,Low
10.2,5.0,2.1,60,9,100.0,Low
6.5,10.1,6.9,0,8,73.4,High
6.4,6.2,3.2,30,7,78.4,Low
9.0,3.8,5.3,15,6,76.0,Low
9.2,7.3,5.1,45,2,68.5,Low
6.3,7.6,6.7,60,4,67.4,Medium
6.4,7.9,4.6,15,10,86.8,Low
6.6,10.5,4.5,45,7,75.9,Medium
5.1,7.0,9.6,30,6,51.5,High
5.7,7.2,6.7,15,9,77.6,Medium
5.6,5.1,4.6,60,5,69.4,Low
5.9,9.3,5.4,30,6,74.4,Medium
7.0,7.9,10.1,30,10,84.2,Medium
7.3,6.6,5.4,30,6,81.2,Low
9.2,3.3,4.3,0,8,71.9,Low
5.6,10.7,4.3,15,8,78.6,Medium
8.4,4.8,4.6,60,6,81.9,Low
6.7,6.2,4.5,30,8,82.4,Low
6.9,8.3,2.8,45,7,89.7,Low
7.9,4.9,3.2,0,1,57.8,Medium
5.4,4.2,3.9,30,5,64.6,Low
7.5,2.8,7.5,90,10,76.7,Low
7.2,9.1,5.0,15,10,94.8,Low
7.7,6.3,5.5,0,10,84.5,Low
7.4,13.9,9.2,30,5,48.6,High
10.4,5.3,9.2,15,10,87.2,Low
6.1,5.5,5.3,0,9,70.2,Medium
6.3,6.3,4.4,60,7,76.2,Low
6.1,8.0,3.8,90,7,93.0,Low
6.2,6.5,7.7,30,10,82.8,Low
6.1,8.8,5.5,45,2,62.8,High
8.7,5.3,5.0,60,8,81.2,Low
9.0,4.5,4.0,45,3,75.0,Low
6.2,3.5,4.1,0,9,71.1,Low
5.8,2.6,6.8,0,6,57.2,Low
7.7,6.4,2.7,0,9,98.4,Low
6.2,6.8,8.5,0,9,65.2,Low
7.9,6.1,4.7,15,7,90.7,Low
7.3,10.2,5.6,15,10,80.8,Medium
4.9,10.2,2.7,0,8,74.4,High
9.2,6.8,6.0,0,2,71.2,High
9.5,3.6,5.2,30,5,70.9,Low
6.1,6.3,5.9,0,3,53.4,Medium
6.5,6.2,9.7,45,1,40.5,High
7.4,6.1,6.4,0,6,64.3,Medium
7.5,6.0,4.0,45,9,87.3,Low
7.9,6.1,4.2,90,2,77.9,Low
9.8,6.6,7.5,45,9,99.5,Low
6.8,6.1,9.2,45,8,68.8,Low
5.9,8.0,6.7,60,9,83.5,Low
5.1,8.3,7.7,0,5,55.1,High
6.0,5.5,7.5,90,2,51.0,Medium
7.0,10.3,9.5,45,10,73.3,Medium
9.5,5.3,1.1,45,10,100.0,Low
6.3,3.9,7.7,15,6,56.9,Low
7.3,8.3,8.5,30,7,73.2,Medium
7.0,5.7,2.7,30,3,68.4,Low
8.7,8.2,3.8,30,6,91.7,Low
10.5,2.2,3.9,45,6,81.4,Low
6.3,10.6,4.2,0,8,72.9,Medium
6.3,9.0,4.8,15,1,62.5,High
8.5,4.2,6.6,15,4,55.1,Low
8.0,4.2,8.2,0,1,42.7,Medium
9.6,11.2,8.7,0,8,85.2,Medium
7.8,5.9,3.9,0,2,65.4,Medium
6.5,5.7,3.9,15,8,72.0,Low
7.8,2.5,9.3,30,3,40.7,Low
8.6,6.7,7.6,0,8,78.2,Low
8.1,7.0,6.2,60,6,80.7,Low
7.7,9.1,7.2,45,1,64.4,High
8.5,4.4,5.9,45,7,83.1,Low
8.6,4.2,7.3,0,7,67.6,Low
8.9,8.5,5.2,30,6,86.4,Medium
7.9,9.7,6.7,30,1,56.5,High
6.8,4.0,2.2,90,5,78.1,Low
7.2,9.9,4.3,45,1,61.1,High
8.7,7.6,4.3,30,1,72.1,Medium
5.9,9.9,5.1,60,6,73.2,Medium
7.5,7.3,3.7,0,8,89.3,Low
6.4,2.0,4.7,0,1,45.7,Medium
7.0,7.2,2.2,30,2,77.7,Low
8.8,9.8,7.4,0,5,71.7,High
7.3,5.5,5.8,0,8,77.7,Low
7.1,6.6,1.7,45,4,78.5,Low
5.1,7.1,3.9,0,5,63.1,Medium
8.0,1.1,6.8,30,10,66.8,Low
7.9,11.2,4.6,60,5,80.6,Medium
10.0,5.5,4.3,15,3,67.4,Low
6.6,8.6,5.8,0,6,75.9,Medium
7.3,7.3,6.9,0,5,66.9,Medium
7.3,10.3,2.4,0,2,66.3,High
9.2,8.4,7.4,0,10,94.7,Low
6.9,7.0,4.0,0,4,62.6,Medium
7.4,5.5,6.0,15,4,63.3,Low
7.9,9.3,5.9,15,7,87.2,Medium
7.3,3.4,4.7,45,7,72.7,Low
6.4,8.9,3.4,60,9,88.3,Low
7.3,5.1,5.3,45,10,85.6,Low
8.5,10.3,10.1,30,2,61.8,High
5.6,7.9,2.6,0,6,74.2,Medium
7.2,8.9,10.2,45,2,49.5,High
6.0,7.7,5.4,15,9,80.8,Low
8.7,3.6,6.1,0,2,49.6,Low
4.9,5.6,3.3,45,6,62.1,Low
6.2,9.0,4.1,15,8,85.4,Medium
7.5,7.9,4.7,0,6,83.8,Medium
9.2,10.1,3.4,60,3,84.9,Low
6.9,8.4,5.5,60,5,82.1,Medium
6.2,5.4,5.0,15,4,59.9,Medium
9.6,5.7,10.6,15,1,57.9,Medium
5.0,7.7,3.1,30,5,70.8,Medium
3.9,2.4,6.3,45,10,62.8,Low
7.6,11.2,6.6,0,5,62.6,High
6.3,8.5,3.3,30,7,78.7,Low
5.6,10.2,7.7,90,7,71.6,Medium
8.0,4.0,5.0,0,2,65.3,Low
7.3,10.2,1.0,60,4,90.7,Medium
6.2,12.4,7.6,90,1,56.3,High
5.2,4.6,3.2,0,5,59.4,Medium
8.2,9.2,3.4,45,5,83.8,Low
7.9,7.5,7.7,0,4,73.0,Medium
6.9,4.1,5.1,45,10,83.0,Low
9.6,8.6,8.3,45,7,89.8,Low
5.5,9.3,9.0,0,6,56.4,High
4.9,6.2,4.4,45,10,81.8,Low
6.0,10.1,8.0,45,3,60.3,High
6.9,3.8,4.1,15,2,52.5,Low
7.3,4.2,11.6,0,4,45.5,High
6.7,7.8,4.3,0,9,83.9,Low
7.5,7.6,8.6,30,10,87.3,Low
5.2,5.9,8.1,90,5,60.3,Medium
9.0,9.3,6.8,45,1,74.4,High
6.9,8.7,4.3,15,3,69.0,Medium
8.6,9.4,5.6,30,9,95.5,Low
7.5,7.2,1.0,0,7,89.9,Low
7.6,8.8,6.6,0,3,62.4,High
7.8,6.5,6.9,30,1,60.9,Medium
7.6,12.0,6.3,30,4,70.1,High
7.9,5.7,1.0,30,9,91.2,Low
8.9,12.1,2.8,90,7,96.3,Low
7.3,7.6,4.1,30,5,79.3,Low
8.0,4.5,6.7,30,6,70.8,Low
6.9,10.5,6.7,0,1,57.0,High
9.0,7.8,5.6,90,7,100.0,Low
6.1,9.4,7.6,45,5,71.0,High
9.5,10.2,3.4,60,7,98.1,Low
6.9,8.2,7.5,15,5,67.0,High
5.0,6.2,7.2,30,5,48.9,Medium
7.2,9.6,6.9,30,3,69.6,High
6.0,7.5,5.5,0,5,57.2,Medium
8.2,9.0,10.6,30,8,82.3,Medium
6.1,2.8,7.2,60,8,68.9,Low
6.4,8.5,3.6,0,2,72.4,High
4.4,6.1,6.6,0,1,42.2,High
6.4,11.1,7.9,45,2,55.8,High
3.6,8.9,4.5,0,7,65.5,High
4.8,8.0,8.7,30,3,53.4,High
8.1,8.6,7.0,30,8,82.4,Medium
8.1,5.3,1.0,15,4,78.4,Low
7.6,11.1,6.7,45,10,83.8,Medium
5.6,11.9,5.0,30,10,80.3,Medium
6.9,8.4,7.3,60,8,83.5,Low
7.0,11.0,8.4,45,2,55.1,High
5.4,6.2,6.5,60,5,65.1,Medium
9.1,5.7,10.2,0,6,63.2,Medium
8.2,7.6,5.6,0,1,65.5,High
6.7,8.5,7.6,0,1,53.8,High
7.0,6.6,8.0,15,9,78.0,Low
7.3,8.7,5.8,60,5,75.0,Medium
4.1,8.2,7.9,30,4,57.7,High
6.7,5.3,4.5,45,1,55.3,Low
6.0,8.6,4.9,15,3,62.3,High
5.6,9.4,2.7,15,4,70.3,High
6.6,7.9,6.6,60,5,79.7,Medium
9.5,10.0,6.8,15,10,88.4,Low
7.9,4.8,8.9,45,5,59.5,Low
6.2,8.5,8.0,0,10,70.4,Medium
7.8,4.9,5.3,60,8,85.8,Low
9.0,5.0,3.1,30,3,73.5,Low
8.3,6.1,7.1,45,7,81.6,Low
7.1,5.4,8.8,0,6,61.7,Medium
6.1,6.3,7.9,30,10,80.7,Low
8.0,7.0,8.7,60,10,88.8,Low
7.6,9.3,5.5,60,10,92.7,Low
8.3,6.8,4.8,0,6,80.2,Low
7.9,4.0,4.2,15,10,87.0,Low
8.5,10.0,5.9,15,9,86.9,Low
6.3,5.7,5.8,0,7,69.1,Low
8.8,7.4,6.5,45,7,81.9,Low
7.3,8.5,5.7,0,1,54.6,High
9.9,7.9,5.7,15,1,65.9,Medium
6.0,9.9,4.1,30,9,85.9,Medium
9.4,8.6,8.4,30,9,93.2,Low
7.3,5.6,6.2,45,10,80.5,Low
6.1,12.3,5.6,90,3,65.0,High
6.3,7.9,4.1,0,8,84.5,Medium
6.6,7.2,2.7,45,9,92.2,Low
7.6,9.6,9.3,0,1,56.1,High
7.7,8.0,7.4,15,3,60.3,High
6.2,8.4,1.9,0,6,79.4,Medium
7.0,13.0,7.9,0,4,41.9,High
10.0,6.9,8.3,15,8,87.2,Low
9.4,6.8,6.3,15,9,88.4,Low
7.6,7.8,10.0,60,7,68.8,Medium
7.1,9.9,6.5,45,1,61.7,High
7.2,4.2,2.5,90,2,69.9,Low
7.9,3.2,6.9,30,1,47.9,Low
5.6,6.2,6.6,0,9,76.3,Low
6.6,3.9,4.5,15,4,56.8,Low
4.7,6.6,7.4,15,10,74.9,Medium
7.6,8.6,1.8,15,8,97.7,Low
7.9,5.5,8.5,30,5,62.6,Medium
6.3,4.4,3.8,30,5,66.9,Low
9.2,7.7,3.5,15,5,94.1,Low
5.3,9.4,5.7,0,5,58.6,High
4.9,3.8,7.1,0,3,43.6,Medium
7.3,9.3,6.4,0,6,72.5,Medium
8.5,9.3,4.1,0,1,71.9,High
9.4,9.6,4.7,45,8,95.9,Low
6.4,10.2,3.2,0,4,71.2,Medium
8.5,12.3,5.4,45,6,72.4,Medium
6.9,6.7,8.7,15,2,44.0,High
6.8,7.7,6.0,0,2,56.0,High
8.2,6.6,8.1,45,8,79.9,Low
7.9,7.5,9.6,30,1,53.9,High
4.8,10.9,4.5,0,8,74.6,High
9.1,4.5,5.5,60,10,92.1,Low
8.9,5.6,11.4,0,10,74.5,Low
6.1,10.5,9.6,0,1,41.7,High
7.6,9.7,1.8,45,9,96.5,Low
7.7,6.7,7.0,45,1,60.3,Medium
7.4,9.4,6.0,0,4,71.3,Medium
6.2,8.3,8.1,0,9,76.4,Medium
6.1,10.8,4.1,60,1,63.6,High
7.0,7.7,3.9,15,9,91.7,Low
8.6,9.8,4.3,0,8,94.7,Medium
7.8,13.3,4.6,30,5,66.9,High
6.5,8.8,8.0,60,6,83.1,Medium
8.1,7.6,3.0,0,5,86.2,Low
3.5,9.1,4.4,45,4,66.1,High
8.6,6.7,1.5,30,10,100.0,Low
4.6,12.8,8.5,15,4,48.7,High
6.5,7.9,9.2,45,10,77.3,Low
5.4,6.9,5.2,90,8,79.4,Low
5.2,5.7,5.3,0,8,71.5,Low
8.6,9.9,7.1,0,9,86.5,Medium
6.3,9.4,9.7,60,3,60.8,High
7.5,6.4,7.0,30,10,85.9,Low
6.9,8.8,4.3,15,8,79.8,Medium
7.7,4.2,2.0,30,3,69.6,Low
7.1,7.9,3.2,45,2,77.2,Medium
5.2,8.5,6.2,45,2,57.4,High
8.4,11.3,4.4,60,9,94.3,Low
6.3,5.8,6.5,15,4,59.5,Medium
4.8,4.7,4.6,0,5,54.2,Medium
6.4,5.5,3.4,30,2,58.7,Medium
9.1,4.6,3.1,15,9,99.9,Low
8.2,10.4,9.9,30,7,77.9,High
6.5,10.9,8.2,15,3,57.8,High
6.5,8.2,10.3,0,6,63.2,High
6.5,10.2,7.3,30,7,67.7,High
9.9,7.8,4.9,30,6,95.5,Low
7.5,7.3,9.3,45,10,88.9,Low
7.6,6.8,5.9,30,10,88.7,Low
8.4,6.8,6.6,0,6,70.9,Medium
7.3,4.1,5.9,15,8,74.3,Low
6.6,8.1,1.0,45,8,100.0,Low
6.7,7.4,10.0,15,5,57.7,High
6.9,9.1,7.2,30,4,68.3,High
6.9,7.7,6.8,30,5,68.1,Medium
8.0,7.1,5.8,0,9,81.6,Low
7.1,5.6,6.4,45,10,85.8,Low
8.0,7.7,4.5,0,6,78.3,Medium
6.9,9.1,7.5,30,3,64.0,High
7.1,5.0,2.7,0,3,58.3,Low
4.2,7.7,6.5,0,1,41.9,High
8.3,8.0,7.4,30,5,80.8,Medium
7.5,5.9,5.5,30,6,77.9,Low
8.4,6.2,6.9,45,8,86.0,Low
3.5,8.0,3.5,45,9,80.0,Medium
9.9,5.0,3.6,45,7,91.8,Low
6.8,8.3,6.6,15,1,56.7,High
8.6,5.5,7.7,30,7,85.4,Low
5.5,9.8,1.3,30,10,94.4,Low
7.9,12.6,7.3,15,9,74.1,Medium
5.5,5.6,4.6,30,4,61.8,Medium
6.1,8.7,5.5,60,7,74.4,Low
9.7,5.9,2.7,0,9,89.4,Low
6.7,9.8,3.9,60,1,72.0,Medium
7.3,4.7,8.4,0,10,73.9,Low
8.2,8.6,6.1,15,9,87.6,Low
7.7,5.6,5.0,0,4,66.3,Low
7.2,7.0,5.7,30,8,82.7,Low
7.5,5.2,7.2,0,3,56.0,Medium
10.4,9.3,7.1,60,2,81.7,Medium
6.9,5.7,5.8,45,8,81.7,Low
7.3,8.7,8.7,30,8,76.0,Medium
8.5,6.7,8.4,30,3,57.7,Medium
8.5,7.2,7.0,60,8,85.2,Low
8.7,7.8,6.1,45,6,88.9,Low
7.9,5.8,7.6,30,10,90.2,Low
5.4,8.0,6.8,45,9,77.6,Low
9.3,10.9,8.7,30,10,83.5,Medium
5.4,5.8,8.2,30,6,58.0,Medium
7.4,10.1,3.5,15,8,93.6,Medium
5.9,10.8,3.3,30,2,62.7,High
6.9,5.7,4.2,0,1,52.9,Medium
7.5,4.3,8.4,15,10,72.7,Low
7.4,8.2,2.1,30,10,99.8,Low
7.6,6.3,7.0,90,2,70.0,Medium
9.3,11.6,6.9,90,4,86.4,Medium
7.6,7.6,8.9,30,10,85.5,Low
6.7,5.7,6.5,30,9,82.8,Low
8.3,5.0,2.6,0,7,77.2,Low
8.7,9.9,3.6,30,9,100.0,Low
5.3,6.2,3.0,0,9,74.2,Low
7.8,7.6,4.7,0,9,94.4,Low
8.0,9.6,5.5,30,8,88.0,Low
6.6,6.4,3.1,15,6,72.3,Low
8.9,7.4,9.7,0,10,87.4,Low
6.8,7.5,2.7,45,7,89.0,Low
7.2,9.0,9.4,15,2,50.3,High
6.8,8.8,9.0,0,1,48.8,High
7.0,7.0,8.2,0,5,56.4,High
5.5,7.6,4.3,0,8,76.2,Medium
5.0,6.7,6.9,0,3,47.1,High
9.2,4.2,2.8,45,7,87.8,Low
5.8,8.1,8.3,15,5,55.6,High
5.6,11.7,5.8,45,10,73.1,Medium
4.0,5.6,5.0,0,8,61.0,Medium
6.1,5.8,2.9,30,6,75.6,Low
5.1,5.6,1.0,30,6,72.0,Low
9.3,9.1,3.4,30,7,96.7,Low
8.4,8.5,8.8,30,7,81.8,Medium
6.0,7.2,5.0,60,4,68.0,Medium
10.2,5.5,5.6,0,10,99.4,Low
8.4,7.7,7.6,30,10,90.5,Low
6.5,4.1,10.5,60,10,76.9,Low
3.5,7.8,9.3,0,8,57.2,High
10.2,9.4,3.6,0,6,86.2,Low
5.1,4.7,1.1,0,8,80.8,Low
4.7,4.1,11.9,30,7,41.6,Medium
8.4,11.0,11.7,0,1,48.6,High
10.4,6.2,6.5,0,4,75.7,Low
8.9,10.0,2.8,30,7,90.8,Low
7.8,7.2,8.4,30,9,79.5,Low
7.8,7.1,5.7,0,2,62.8,Medium
8.2,8.5,5.7,15,5,80.5,Medium
8.1,5.6,8.2,30,9,79.3,Low
7.4,7.8,6.8,60,9,96.2,Low
7.1,6.7,3.0,30,6,77.5,Low
6.9,4.6,5.2,45,7,74.2,Low
5.9,8.2,7.7,15,9,81.4,Medium
6.6,6.9,7.3,0,10,74.5,Medium
4.6,7.2,6.7,30,8,75.0,Medium
6.9,4.8,8.3,45,10,77.1,Low
5.6,11.0,5.1,30,6,69.3,Medium
5.5,9.4,6.4,45,6,68.8,Medium
7.3,9.6,1.0,90,7,94.1,Low
8.9,6.8,4.9,0,7,84.3,Low
8.3,3.7,7.9,0,2,47.2,Low
4.8,11.8,5.0,0,9,76.5,High
5.6,7.4,4.8,15,4,67.7,Medium
8.3,5.9,3.4,0,10,93.0,Low
5.6,8.4,8.5,60,9,83.9,Medium
6.7,10.1,7.4,0,10,78.4,Medium
7.8,7.4,8.1,15,3,65.8,High
5.6,10.3,1.7,0,5,76.7,High
7.1,9.9,5.6,60,5,75.0,Medium
5.1,5.1,5.3,30,7,68.6,Low
6.2,6.0,5.3,60,4,66.1,Medium
7.4,9.6,4.5,90,4,85.5,Medium
4.8,1.5,5.1,30,1,36.0,Medium
7.6,7.2,8.1,0,6,74.9,Medium
7.0,4.4,1.2,0,4,70.3,Low
7.8,6.5,10.4,0,10,85.4,Medium
7.3,6.8,7.2,45,10,84.5,Low
8.9,6.7,5.9,0,5,78.9,Low
7.2,6.3,8.3,0,9,74.1,Low
6.4,5.1,2.4,30,4,68.8,Low
7.2,12.5,4.3,30,1,50.7,High
7.8,11.6,5.7,30,9,84.8,Medium
7.1,4.9,9.4,15,5,52.0,Medium
7.1,11.0,5.9,45,10,86.2,Medium
6.0,6.6,7.1,30,7,66.7,Medium
6.1,7.8,4.5,0,3,61.4,High
5.0,7.4,7.2,45,4,56.5,High
9.4,6.0,10.2,90,10,86.9,Low
5.3,9.7,8.5,0,9,61.5,High
6.0,7.8,5.8,15,10,86.7,Low
6.0,6.5,7.7,30,1,49.5,High
8.3,4.6,7.4,0,5,65.8,Low
6.6,5.5,7.3,60,8,74.2,Low
8.7,3.9,8.8,0,10,72.4,Low
6.1,7.5,8.8,45,7,70.7,Medium
7.4,4.9,5.7,30,4,67.7,Low
5.8,6.9,7.6,30,7,70.5,Medium
10.0,10.5,5.0,0,1,68.3,High
5.3,10.1,3.7,0,6,72.1,Medium
7.4,7.4,5.3,0,9,85.9,Low
7.9,7.3,5.8,0,3,64.7,Medium
7.6,11.6,1.8,15,4,79.4,Medium
6.7,8.6,8.2,45,8,73.5,Medium
6.8,6.8,1.0,15,5,75.7,Low
7.1,4.4,12.8,45,5,49.3,Medium
6.8,8.4,9.8,15,1,49.7,High
8.3,9.3,5.3,45,6,85.2,Medium
10.1,6.1,6.0,90,2,77.8,Low
6.2,8.1,6.8,0,1,58.7,High
5.1,6.7,4.5,60,6,68.0,Low
6.9,7.1,6.5,30,5,71.2,Medium
10.6,2.0,5.6,45,5,77.2,Low
5.9,7.0,5.8,30,9,86.4,Low
9.3,9.6,6.5,15,10,99.3,Low
9.3,6.1,2.7,0,10,94.9,Low
6.2,7.6,6.1,0,3,61.9,High
7.8,5.8,6.4,30,1,56.9,Medium
9.3,8.3,6.3,90,8,99.4,Low
6.5,7.0,5.5,45,5,77.5,Medium
6.7,5.4,8.8,15,5,64.8,Medium
6.2,10.4,5.1,45,8,81.6,Medium
5.6,9.5,6.6,45,8,68.3,Medium
6.1,6.2,9.2,0,2,38.2,High
5.3,8.6,5.8,0,3,57.4,High
7.0,8.7,6.5,0,10,88.8,Low
5.9,8.9,5.8,60,10,85.7,Low
7.3,3.8,9.1,45,1,44.0,Medium
4.8,9.7,5.4,0,3,60.9,High
7.5,6.2,9.2,0,4,55.3,Medium
8.2,6.7,5.7,45,7,91.8,Low
4.2,13.3,3.9,60,9,73.0,High
7.5,8.2,7.7,45,5,77.7,Medium
8.7,6.7,5.2,30,1,67.4,Medium
5.3,2.6,7.6,0,2,38.0,Medium
9.3,10.6,1.0,30,10,100.0,Low
7.6,4.5,6.0,0,2,55.5,Low
6.0,5.3,4.9,45,9,85.2,Low
6.9,6.8,3.3,15,10,88.4,Low
7.8,10.6,4.6,45,7,80.9,Low
7.1,9.2,4.6,15,2,58.6,High
7.8,7.2,5.9,45,1,60.8,Medium
5.7,8.2,2.6,15,5,82.2,Medium
7.2,6.2,6.8,15,1,55.2,High
5.0,7.8,9.4,30,9,69.6,Medium
6.8,7.7,6.7,0,3,62.5,High
5.7,9.6,8.0,60,2,58.2,High
6.0,9.6,8.7,30,6,67.4,High
8.7,8.6,9.1,30,3,67.3,High
8.5,6.7,10.7,45,5,72.6,Medium
7.9,9.1,4.8,60,10,95.0,Low
5.5,7.3,4.2,30,8,79.6,Low
6.6,5.1,8.0,60,10,83.9,Low
8.7,6.6,7.8,0,2,63.8,Medium
7.2,7.7,7.9,0,5,68.1,Medium
10.2,9.5,10.7,30,8,80.5,Medium
7.6,7.1,6.0,15,1,63.3,Medium
7.3,4.8,7.1,30,10,76.2,Low
6.6,7.6,3.5,15,10,97.4,Low
7.2,7.7,11.3,15,4,62.8,High
6.8,7.9,5.2,45,5,75.3,Medium
8.0,9.5,5.2,30,10,100.0,Low
8.3,9.7,5.1,90,3,75.7,Medium
5.9,6.2,4.4,45,2,60.6,Medium
5.1,6.1,4.2,0,3,55.4,High
4.4,5.2,4.7,0,5,55.5,Medium
7.7,9.0,2.6,15,7,94.6,Low
5.5,10.7,4.0,45,2,62.5,High
4.0,6.8,10.9,0,7,46.7,High
7.5,7.0,7.8,0,6,69.6,Medium
10.5,10.7,8.3,60,7,90.4,Low
7.0,8.6,8.9,30,7,75.0,Medium
8.2,8.5,10.6,0,9,81.5,Medium
7.1,4.9,1.6,0,7,80.4,Low
6.9,9.0,2.9,60,6,90.2,Low
8.3,5.5,4.0,60,10,96.6,Low
6.6,5.0,4.8,0,8,70.9,Low
7.4,6.7,5.2,15,7,74.8,Low
7.5,6.2,4.9,45,6,85.6,Low
6.1,7.0,6.5,45,4,59.7,Medium
8.4,4.3,6.1,45,7,78.4,Low
6.8,9.6,4.2,30,8,86.7,Low
5.9,10.0,1.0,60,8,88.3,Low
7.8,3.2,3.5,15,4,68.7,Low
5.7,9.7,4.6,0,10,77.0,Medium
7.0,5.7,5.4,45,9,81.8,Low
7.0,9.4,3.2,30,3,76.7,Medium
8.5,7.3,4.8,60,9,93.0,Low
7.7,7.6,3.2,0,3,77.0,Medium
7.0,7.1,5.7,45,7,85.7,Medium
8.1,10.2,3.3,0,4,79.3,High
8.9,4.8,3.9,30,5,79.7,Low
7.8,8.8,2.7,0,3,71.6,Medium
7.0,9.9,5.6,30,2,58.6,High
5.2,9.1,3.8,45,8,80.4,Low
5.5,12.6,8.3,15,7,46.4,High
6.6,6.3,7.0,0,7,68.8,Medium
6.1,9.6,5.8,30,8,77.8,Medium
6.7,7.3,4.0,45,1,66.0,Medium
7.1,10.2,7.0,15,8,75.4,Medium
7.7,7.5,7.7,0,10,85.3,Low
6.9,6.6,6.4,0,5,66.2,Medium
7.7,10.4,10.0,60,8,70.3,Medium
7.1,6.4,7.1,15,9,80.0,Low
4.2,4.4,8.3,0,2,34.1,High
5.7,6.4,6.3,45,3,52.7,High
6.8,8.9,7.7,30,6,74.9,Medium
5.3,10.6,4.0,0,9,76.1,Medium
7.8,7.7,4.9,90,10,100.0,Low
9.1,10.4,6.9,30,10,92.2,Low
8.7,4.5,6.9,30,8,71.5,Low
6.7,6.5,7.3,15,6,68.5,Medium
9.1,6.9,8.8,60,5,78.6,Low
7.2,7.2,2.4,0,3,77.2,Medium
6.5,7.7,3.6,0,4,75.1,Medium
6.1,9.0,6.6,0,7,75.6,Medium
6.6,6.5,4.2,45,7,84.5,Low
6.5,7.8,14.0,30,3,44.0,High
7.2,7.4,7.3,30,4,65.7,Medium
7.2,5.5,5.8,0,3,62.9,Medium
7.0,7.2,4.7,30,2,64.7,Medium
7.6,7.2,4.8,45,6,85.1,Low
8.7,7.1,6.1,15,7,90.3,Low
8.3,7.6,6.3,45,4,74.3,Low
4.9,7.7,4.9,15,5,69.6,Medium
3.5,6.5,5.3,45,8,66.4,Medium
8.3,10.3,9.4,0,9,78.7,Medium
5.1,4.9,9.5,30,7,62.2,Medium
6.7,5.9,6.6,90,10,94.4,Low
5.4,13.6,2.6,90,1,58.6,High
4.5,5.2,7.3,0,3,49.7,High
7.8,4.5,9.9,15,5,55.3,Medium
8.1,9.1,9.4,0,3,68.0,High
6.2,2.9,7.8,60,1,42.8,Medium
3.5,7.0,9.6,30,2,42.1,High
6.2,12.2,6.1,15,8,73.5,High
7.5,4.1,7.6,0,7,59.8,Low
4.9,3.1,4.3,60,10,81.2,Low
7.3,4.2,6.7,30,3,57.5,Medium
7.0,9.5,9.3,0,4,54.8,High
7.8,10.0,4.5,15,3,66.8,High
7.2,6.4,3.8,0,4,67.4,Medium
5.6,9.0,6.2,30,8,76.2,Medium
8.7,10.6,5.4,60,9,90.1,Low
6.8,11.4,7.6,60,7,70.0,Medium
7.0,7.0,4.9,30,9,80.6,Low
5.7,2.4,10.3,45,9,53.6,Low
6.4,5.7,2.8,15,7,83.8,Low
5.8,6.6,9.1,0,7,66.0,Medium
6.8,6.9,4.1,90,8,93.3,Low
9.4,7.1,1.5,15,10,100.0,Low
5.1,10.0,6.6,15,3,58.6,High
4.7,10.3,5.4,90,8,81.0,Medium
9.1,7.1,3.2,0,1,73.6,Medium
6.7,9.9,1.8,45,6,85.8,Medium
6.1,8.3,6.0,60,2,59.7,High
8.5,7.6,8.4,30,7,79.1,Medium
6.2,9.5,7.5,0,3,44.8,High
9.6,7.7,6.1,15,10,94.1,Low
7.9,12.0,7.2,0,5,69.7,High
6.3,4.3,5.9,15,10,75.9,Low
10.0,6.4,2.4,45,2,79.1,Low
6.2,7.2,2.4,15,1,66.0,Medium
8.0,8.5,5.5,15,5,79.9,Medium
7.4,10.3,5.6,30,9,92.0,Low
8.8,7.4,8.1,30,9,95.1,Low
9.2,4.4,7.9,60,7,81.3,Low
7.0,9.4,7.5,15,9,73.4,Medium
5.9,9.2,5.3,45,4,77.6,Medium
7.6,3.2,2.5,30,3,70.8,Low
6.1,7.5,7.0,15,4,65.8,High
9.8,4.0,7.3,0,7,73.8,Low
7.2,6.0,1.0,15,8,84.0,Low
6.5,5.5,3.9,30,2,58.9,Low
7.3,9.3,4.3,0,5,74.1,Medium
5.1,7.8,6.3,60,5,67.9,Medium
5.6,4.7,4.0,30,9,81.7,Low
8.7,9.4,5.9,60,3,76.0,Medium
6.1,4.3,5.5,0,6,58.1,Low
5.5,8.2,5.6,15,10,85.9,Medium
7.8,5.7,4.2,0,5,69.0,Low
8.7,6.7,4.4,0,2,62.3,Medium
8.0,8.6,3.3,60,2,80.5,Medium
8.4,8.6,7.0,0,4,69.9,High
5.9,10.4,7.4,15,4,58.0,High
5.0,7.3,4.1,0,7,78.1,Medium
9.1,8.2,9.8,15,1,60.0,High
6.5,6.5,5.2,45,6,77.7,Low
6.6,7.9,9.8,30,9,76.5,Low
8.9,8.5,4.4,45,2,81.0,Medium
7.8,7.3,1.0,15,5,78.3,Low
7.6,3.5,7.0,60,10,77.8,Low
10.0,8.2,6.6,45,10,100.0,Low
6.1,8.3,6.1,15,4,63.7,High
8.3,6.0,4.4,15,4,70.1,Low
7.1,4.7,5.9,60,8,78.5,Low
7.4,10.7,4.7,30,6,77.1,Medium
9.1,8.6,5.2,45,7,92.0,Low
7.7,7.0,8.1,15,9,81.4,Low
7.8,5.0,6.5,0,3,60.0,Low
8.5,5.7,7.5,45,2,59.4,Medium
6.5,10.4,5.4,30,3,61.2,High
5.8,7.8,5.1,30,8,85.1,Medium
5.5,6.3,3.1,30,9,80.2,Low
4.2,8.6,5.1,0,10,74.1,Medium
9.9,5.7,1.0,45,5,90.9,Low
5.5,10.8,4.5,60,8,79.5,Medium
6.7,10.5,5.8,60,7,83.2,Medium
6.6,6.5,7.4,15,9,78.5,Low
7.4,6.1,5.3,15,4,64.2,Medium
8.1,1.7,6.9,45,10,83.3,Low
8.2,4.2,1.0,30,3,71.7,Low
6.2,4.6,5.9,30,9,68.2,Low
6.8,7.8,1.8,60,8,100.0,Low
7.4,6.8,3.0,30,7,83.6,Low
6.7,4.5,5.5,30,1,51.3,Medium
9.3,6.9,9.2,0,2,59.3,High
7.7,8.6,6.9,0,9,86.0,Medium
8.0,8.7,6.0,0,5,66.8,Medium
7.9,3.3,6.0,60,1,54.0,Low
8.6,7.2,4.2,15,9,93.1,Low
7.3,4.5,4.6,30,1,62.1,Medium
5.2,9.5,7.1,45,8,71.2,Medium
7.6,9.2,2.5,30,5,82.5,Low
6.1,5.5,7.5,30,6,66.4,Medium
6.3,5.8,5.0,0,1,53.8,Medium
7.8,6.5,8.1,45,2,57.7,Medium
8.7,2.5,8.4,0,7,63.9,Low
7.0,8.2,1.8,0,2,69.1,Medium
7.4,6.9,4.5,0,5,76.8,Medium
9.4,9.6,3.9,0,9,95.3,Low
7.3,5.1,1.5,0,5,70.2,Low
10.6,6.1,3.4,30,3,75.2,Low
7.8,4.2,12.1,0,6,49.7,Medium
4.5,5.3,7.5,30,7,56.4,Medium
8.1,4.9,10.8,0,10,69.6,Low
7.5,9.7,8.1,0,10,80.7,Medium
8.8,6.0,4.1,30,8,82.9,Low
7.9,7.8,5.0,60,3,74.7,Medium
6.8,6.7,7.5,60,4,66.3,Medium
5.3,4.7,7.1,90,10,79.0,Low
6.7,7.1,4.6,30,4,74.6,Medium
5.8,8.8,2.2,30,2,72.4,High
6.2,4.8,14.0,30,7,47.6,Medium
7.8,9.3,5.6,30,4,72.8,High
9.3,5.6,5.2,0,4,70.4,Low
7.6,6.4,6.3,30,8,84.1,Low
5.3,8.7,5.4,15,6,68.2,High
7.6,6.0,6.3,15,6,68.2,Low
8.7,7.6,9.2,30,9,78.7,Low
6.1,6.8,5.7,0,4,58.1,Medium
6.8,7.8,3.1,15,9,90.8,Low
7.0,2.3,5.6,0,1,46.5,Medium
5.9,3.5,4.8,90,9,80.1,Low
7.9,8.9,9.6,0,1,52.0,High
6.8,9.8,8.9,0,7,66.3,High
7.6,5.5,6.3,60,6,81.0,Low
5.8,7.0,2.8,30,7,83.6,Low
6.4,8.1,2.9,0,9,89.4,Low
8.0,9.0,6.0,15,10,88.9,Low
6.5,3.0,6.8,0,4,44.3,Medium
9.4,5.6,5.1,0,9,95.6,Low
6.4,6.8,4.8,0,3,65.3,Medium
7.3,9.0,4.5,15,10,91.4,Low
8.3,13.0,5.9,45,9,92.2,Medium
5.0,7.0,1.0,30,1,63.7,Medium
4.5,4.4,3.2,30,5,57.9,Low
4.9,8.4,4.4,0,10,87.2,Medium
8.8,10.4,9.0,15,5,63.0,High
6.2,7.7,4.0,45,1,63.2,High
10.6,5.5,6.5,0,1,59.5,Medium
6.2,9.6,6.6,60,3,61.0,High
7.3,9.0,9.2,30,9,79.8,Medium
9.2,5.2,9.2,45,7,76.9,Low
9.8,8.3,5.9,15,6,82.9,Low
9.9,9.7,4.8,15,9,100.0,Low
8.7,10.1,4.3,45,4,72.0,Low
8.4,7.4,5.4,45,4,79.4,Low
7.8,6.7,4.9,0,3,67.8,Medium
8.1,10.2,7.4,90,5,79.6,Medium
6.2,4.8,7.1,0,5,59.5,Medium
5.9,8.5,7.5,0,10,66.2,Medium
7.0,4.5,9.1,30,7,60.1,Low
6.8,9.8,10.7,45,7,67.6,High
6.4,6.9,6.3,90,6,85.6,Low
8.0,10.3,8.7,15,4,60.4,High
8.3,8.6,5.1,0,7,83.4,Medium
7.1,4.8,9.0,30,2,51.6,Medium
9.1,10.6,8.7,0,9,75.9,Medium
5.4,10.9,8.5,15,7,61.3,High
6.7,9.4,6.2,30,2,60.5,High
6.0,5.8,4.3,0,10,78.7,Low
4.4,6.8,2.5,30,2,62.2,Medium
6.9,7.8,5.9,15,6,84.3,Medium
6.8,6.0,9.8,45,7,67.5,Medium
9.1,11.2,5.2,30,9,82.9,Low
7.9,7.8,8.0,0,4,62.8,Medium
5.6,1.6,8.1,0,8,57.0,Low
9.6,8.2,5.3,0,10,98.3,Low
8.7,6.7,9.3,0,2,51.9,High
7.8,7.3,1.0,30,6,94.8,Low
6.7,6.7,2.9,90,4,78.9,Low
5.7,9.3,3.7,30,8,82.7,Medium
6.5,10.0,4.0,30,9,82.3,Medium
8.5,8.1,6.8,15,2,65.8,Medium
9.6,6.8,6.7,15,7,84.6,Low
9.2,7.4,7.0,60,7,89.0,Low
6.3,7.5,7.5,90,8,85.0,Low
5.4,5.7,3.6,30,5,68.5,Low
7.2,8.8,3.0,0,3,67.7,Medium
4.5,8.5,7.0,45,1,57.2,High
7.5,10.9,4.4,0,4,67.9,High
6.8,10.3,2.1,45,3,69.3,Medium
6.3,6.0,8.4,45,2,43.5,High
4.8,9.3,9.5,0,6,54.9,High
7.7,5.4,9.9,90,7,69.9,Low
6.3,9.0,6.5,90,10,94.2,Low
5.4,6.4,7.6,60,7,69.9,Low
3.5,5.2,9.4,30,8,69.5,Medium
7.0,8.1,4.4,0,2,60.7,High
9.5,1.6,8.8,30,10,79.0,Low
9.3,3.6,6.7,15,6,66.3,Low
6.4,7.1,8.3,0,6,67.2,High
6.2,7.7,6.5,15,10,89.6,Low
7.7,6.7,9.2,30,1,51.7,High
5.6,4.0,6.6,0,2,39.9,Medium
7.4,5.7,2.3,15,9,89.4,Low
8.1,8.4,9.6,0,8,72.7,Medium
8.7,8.8,3.6,45,4,91.2,Low
6.9,7.5,9.1,30,6,67.8,Medium
6.7,10.0,5.8,0,2,59.0,High
5.8,8.4,8.9,90,5,71.0,Medium
5.8,5.9,8.8,0,2,47.4,High
6.7,6.9,7.1,30,5,65.9,Medium
7.5,4.4,7.3,45,7,74.2,Low
8.3,7.3,7.1,45,7,88.7,Low
5.9,9.9,1.0,0,9,88.0,Medium
9.1,9.0,6.3,60,3,72.4,Medium
6.6,10.6,3.2,60,4,81.0,Medium
7.0,6.8,6.4,30,9,83.9,Low
6.0,10.5,3.1,30,8,82.9,Medium
3.6,7.1,3.0,0,7,71.8,Medium
8.2,10.7,10.0,30,8,79.7,Medium
8.0,7.5,8.7,15,9,80.9,Low
6.6,9.1,6.0,45,4,74.8,High
7.1,10.7,6.5,15,5,67.3,High
7.7,7.1,5.4,30,9,91.9,Low
4.8,8.0,7.4,0,7,63.2,High
6.3,10.3,4.3,0,4,64.1,High
8.1,7.2,8.5,0,6,74.8,Medium
5.2,4.6,5.4,0,1,34.9,High
7.4,12.2,5.0,30,1,60.7,High
5.1,6.5,6.1,45,9,78.7,Low
7.7,7.8,4.5,30,8,97.2,Low
7.0,10.0,6.8,30,1,60.2,High
4.7,6.2,4.7,30,2,54.8,High
8.6,5.3,7.2,15,4,60.3,Medium
6.0,8.1,9.0,15,1,46.4,High
5.9,3.6,4.2,15,2,49.6,Low
7.3,6.9,5.7,45,5,81.4,Low
8.6,8.0,7.2,0,8,87.7,Medium
5.6,6.9,4.9,0,6,65.4,Medium
7.1,4.1,7.2,30,6,65.5,Low
7.6,11.0,7.4,60,4,66.4,High
8.0,7.7,8.7,30,2,59.2,High
7.2,10.6,4.5,45,3,72.2,High
6.5,6.9,3.6,30,6,78.3,Low
5.8,5.6,5.2,30,6,63.5,Medium
7.1,8.1,3.6,45,5,86.3,Medium
5.5,7.0,7.4,45,6,68.1,Medium
3.5,4.9,3.1,0,6,57.2,Medium
7.6,10.7,11.8,15,1,48.9,High
8.3,6.1,9.2,0,6,70.5,Medium
3.7,3.5,6.0,30,5,48.8,Medium
5.6,10.4,8.2,60,8,65.4,Medium
7.9,6.4,1.9,15,9,99.5,Low
9.9,6.2,12.3,15,6,65.0,Medium
7.0,3.6,4.5,60,10,84.4,Low
6.0,11.3,5.7,30,4,60.7,High
6.7,4.7,1.4,30,3,63.8,Low
8.9,7.6,7.2,60,10,99.7,Low
6.1,9.5,3.2,30,1,59.2,High
5.9,8.4,6.3,30,7,77.1,Medium
6.3,7.4,4.6,0,5,66.7,Medium
5.7,3.8,3.3,0,4,55.4,Low
7.2,5.7,4.0,15,9,86.4,Low
9.3,7.9,6.6,30,7,89.3,Low
7.5,5.8,2.8,90,10,100.0,Low
6.6,7.9,4.1,90,8,97.2,Low
6.6,9.0,7.7,60,4,72.8,High
4.8,9.6,12.5,15,10,61.0,High
8.2,4.8,7.2,90,10,95.0,Low
6.9,12.3,3.7,30,8,80.1,Medium
6.7,9.2,5.1,15,4,71.8,Medium
11.0,7.5,6.1,45,1,82.7,Low
7.4,9.9,5.1,0,8,85.6,Medium
5.9,12.7,8.3,0,1,33.3,High
6.4,4.3,6.5,45,3,43.0,Low
8.6,7.0,8.3,30,7,81.3,Medium
7.2,2.3,5.2,15,3,52.6,Low
5.0,7.9,9.3,30,8,69.2,High
8.3,8.3,5.6,60,5,84.5,Low
6.1,7.4,3.6,30,3,67.8,Medium
9.6,6.1,11.4,15,5,66.7,Medium
8.5,3.0,1.4,0,5,75.4,Low
6.4,8.3,4.2,0,8,82.2,Medium
8.8,10.7,4.4,90,9,100.0,Low
7.1,6.2,12.3,15,6,58.2,Medium
8.2,8.5,10.5,30,10,81.2,Medium
7.7,4.1,9.7,30,3,46.0,Medium
5.8,8.5,5.2,60,2,60.6,High
6.1,6.6,12.1,30,3,43.5,High
8.4,5.8,6.9,30,9,90.5,Low
6.5,5.8,8.4,15,7,65.6,Medium
6.4,6.6,6.4,0,9,74.0,Medium
5.7,8.3,5.9,60,6,77.0,Medium
7.6,4.6,5.4,60,8,77.6,Low
9.9,6.6,5.5,60,10,100.0,Low
5.5,7.4,7.5,60,9,78.1,Low
7.0,5.1,6.9,45,3,54.1,Medium
9.0,11.5,5.9,30,7,87.0,Low
6.9,5.6,9.8,45,9,70.9,Low
7.6,6.0,1.0,30,2,74.1,Low
5.5,5.3,7.3,0,7,63.3,Medium
7.6,11.5,7.8,15,5,65.6,High
6.7,8.7,8.9,90,8,82.1,Medium
8.4,5.4,5.8,15,4,67.4,Medium
8.7,9.9,6.5,60,1,70.4,High
10.6,7.9,8.5,0,10,95.3,Low
7.8,8.1,9.7,15,8,77.2,Medium
7.5,6.7,5.2,15,6,81.0,Low
7.3,5.9,6.7,0,8,78.9,Low
6.5,8.2,10.2,0,3,53.3,High
7.5,6.3,1.0,0,8,90.9,Low
6.6,11.5,4.3,45,8,84.6,Medium
7.2,4.7,9.7,0,1,39.3,High
8.8,10.9,8.7,0,4,62.0,High
5.6,7.3,7.3,0,7,66.7,Medium
8.6,8.2,4.9,30,1,66.9,Medium
8.8,9.3,3.8,30,3,88.1,Medium
6.8,6.1,4.5,30,3,64.3,Medium
4.0,9.4,9.9,15,6,53.8,High
6.1,1.5,4.4,0,5,52.3,Low
8.8,5.9,6.3,45,7,86.1,Low
7.0,5.5,4.1,45,3,66.1,Low
5.6,4.7,8.1,0,1,38.8,High
6.3,7.0,4.7,30,3,62.6,Medium
8.2,8.3,5.8,0,8,90.7,Medium
7.8,9.0,1.8,0,5,85.8,Medium
6.7,8.0,2.0,45,3,73.5,Medium
6.5,6.0,6.0,30,8,76.7,Low
6.5,8.3,2.7,0,6,74.8,Medium
5.7,7.8,11.3,15,3,44.6,High
9.3,9.6,1.0,90,5,100.0,Low
6.5,9.2,4.0,45,1,54.6,High
8.7,7.6,6.0,60,6,91.5,Low
9.1,5.5,5.1,30,9,92.5,Low
8.4,6.1,3.2,30,7,88.0,Low
6.4,6.3,3.6,15,8,84.9,Low
7.6,6.8,3.5,0,6,90.6,Low
7.0,8.1,5.3,15,5,69.5,Medium
5.7,9.1,10.9,30,6,65.3,High
7.5,7.4,6.2,0,7,81.5,Low
5.3,7.5,9.0,45,9,70.9,Medium
8.7,7.8,7.3,0,8,86.1,Medium
6.3,6.4,8.8,15,5,54.2,High
7.3,5.5,1.0,0,7,82.1,Low
7.4,3.6,5.2,15,8,64.8,Low
6.6,6.0,9.3,0,1,37.5,High
7.8,8.5,4.6,0,8,88.3,Medium
6.3,6.0,10.4,15,7,61.7,Medium
8.2,7.0,9.7,30,2,59.8,High
5.1,8.5,4.8,30,2,62.3,High
7.2,8.6,4.7,0,6,78.0,Medium
9.7,5.1,3.5,30,3,79.7,Low
5.6,9.7,4.4,30,1,61.5,High
6.1,10.0,2.9,15,8,84.0,Medium
7.7,5.0,7.1,45,7,72.5,Low
7.3,5.7,2.4,30,4,74.5,Low
7.5,10.1,7.5,15,1,51.2,High
7.7,7.2,7.6,60,2,68.7,Medium
7.9,2.6,1.8,45,9,81.0,Low
8.6,4.4,9.9,90,4,64.0,Low
7.6,7.0,7.3,30,3,67.0,Medium
6.7,4.9,7.9,15,8,63.5,Medium
7.9,6.6,4.1,0,4,66.9,Medium
9.7,7.6,7.6,30,7,77.9,Low
6.8,10.7,8.8,90,5,67.7,High
5.6,6.9,5.8,30,5,62.0,Medium
8.5,9.9,11.0,60,6,74.9,Medium
6.8,10.6,6.1,15,4,57.6,High
4.0,10.7,8.9,15,2,41.1,High
8.2,8.1,6.7,60,6,79.3,Low
6.3,3.2,7.5,45,5,49.7,Low
6.9,8.5,1.8,90,3,79.9,Low
7.5,9.8,6.9,45,4,74.0,Medium
7.3,7.3,4.2,15,3,65.6,Medium
8.0,11.3,3.9,30,3,75.8,High
6.4,9.4,10.4,60,4,59.9,High
7.7,8.8,5.5,30,2,65.8,High
6.6,9.9,3.5,0,4,64.9,High
8.0,8.2,5.1,15,10,100.0,Low
7.9,2.0,2.7,30,2,56.9,Low
5.7,6.4,9.6,0,10,66.2,Medium
8.5,10.1,4.3,45,8,98.2,Low
6.2,5.7,7.3,0,10,80.7,Low
8.1,7.0,9.4,15,5,65.6,High
7.5,5.2,4.7,45,7,84.7,Low
9.6,11.4,7.3,30,4,69.7,Medium
6.7,11.2,3.4,45,10,100.0,Medium
6.5,5.6,12.1,15,6,46.8,Medium
7.0,7.8,8.3,90,10,88.0,Low
6.6,6.0,5.5,0,4,67.2,Medium
8.1,8.9,4.1,0,6,80.9,Medium
4.7,8.6,5.7,60,1,61.5,High
5.5,9.3,5.2,45,6,71.5,Medium
5.5,8.2,10.9,0,6,58.7,High
8.3,14.0,2.9,90,2,70.6,High
9.4,5.2,6.3,30,10,91.1,Low
6.9,3.7,6.0,90,10,79.6,Low
6.8,6.6,5.7,30,9,83.4,Low
7.1,4.1,5.7,30,6,64.1,Low
8.6,4.2,5.7,15,7,83.7,Low
5.7,5.3,8.2,15,2,43.6,High
7.3,5.5,7.5,30,2,50.6,Medium
8.4,5.4,7.0,30,2,63.5,Low
7.7,8.6,1.0,0,10,96.8,Low
7.3,6.4,6.7,0,9,82.5,Low
8.4,7.1,1.9,0,3,76.0,Low
3.5,9.5,7.6,60,4,54.1,High
7.9,5.8,9.7,30,1,49.2,Medium
6.1,6.9,3.7,45,1,61.8,Medium
4.4,8.3,5.3,90,4,69.8,Medium
7.7,3.2,4.5,30,2,54.9,Low
8.9,2.3,9.1,90,8,70.0,Low
6.8,8.3,6.2,15,4,68.3,High
8.3,8.6,10.3,0,3,56.8,High
9.3,12.0,7.0,15,3,60.4,High
8.8,7.8,6.6,30,6,85.8,Medium
9.3,9.3,6.2,60,6,87.7,Low
8.0,7.1,8.0,30,6,70.2,Medium
7.1,8.2,1.7,0,6,84.5,Low
4.8,11.2,6.2,45,8,70.1,High
6.7,2.8,5.8,30,8,64.2,Low
5.8,8.4,7.8,0,9,86.8,Medium
10.0,12.2,5.5,30,1,67.0,High
6.8,8.1,3.4,60,10,99.1,Low
7.2,11.1,6.0,45,8,90.7,Medium
7.8,6.1,3.3,30,5,81.1,Low
7.1,7.4,1.2,15,3,82.3,Low
9.4,7.6,7.8,0,10,91.8,Low
6.1,2.6,7.4,30,3,45.6,Low
7.3,4.9,7.2,45,6,65.4,Low
6.0,5.1,9.3,15,8,64.6,Medium
5.2,9.3,4.3,0,10,89.3,Medium
6.1,9.4,2.4,60,2,77.8,Medium
6.9,8.2,5.8,45,9,84.4,Low
6.4,9.3,5.1,30,5,79.7,High
6.0,7.1,3.9,0,5,66.7,Medium
5.0,10.1,5.8,0,1,43.2,High
6.9,7.5,4.5,0,6,73.0,Medium
4.9,7.6,1.4,30,5,75.3,Medium
8.1,6.9,4.9,0,7,74.0,Low
7.1,9.0,3.2,45,7,88.8,Low
5.0,6.6,6.6,90,4,64.1,Medium
6.6,9.6,4.4,15,5,72.6,Medium
5.9,5.0,8.8,30,10,68.6,Low
7.4,5.1,10.0,45,8,62.9,Low
8.9,9.0,7.7,60,2,69.2,Medium
4.4,7.3,2.1,60,1,67.8,Medium
7.2,6.5,9.8,0,6,57.5,Medium
6.8,9.5,9.9,0,4,51.2,High
7.9,6.2,6.0,45,10,92.8,Low
7.3,7.1,9.3,30,3,53.9,High
5.9,10.6,4.6,0,7,72.7,High
6.6,10.9,1.3,30,8,90.7,Medium
5.9,11.0,4.1,45,4,65.6,High
8.5,6.9,10.3,0,10,76.5,Medium
7.0,10.2,2.3,60,6,80.9,Medium
9.7,5.4,6.0,0,2,61.7,Medium
6.9,5.5,6.1,45,8,80.5,Low
6.0,2.3,4.7,30,6,63.7,Low
4.9,11.2,4.9,15,9,74.3,High
4.5,5.6,6.2,45,6,59.8,Low
4.8,7.2,4.6,45,6,72.5,Medium
7.4,5.5,2.4,60,2,68.7,Low
7.7,9.0,6.5,15,5,73.5,Medium
4.8,6.7,8.7,30,9,71.3,Medium
8.3,4.6,8.2,30,1,49.8,Medium
6.3,8.5,4.0,30,4,69.8,Medium
7.2,4.3,2.9,60,10,90.0,Low
9.3,5.7,5.3,0,10,95.9,Low
8.3,2.9,9.9,0,3,56.4,Medium
6.6,4.4,7.6,30,1,48.4,High
5.8,7.9,7.8,0,1,48.8,High
4.0,3.2,8.2,60,1,29.9,Medium
6.0,4.2,7.1,30,1,39.9,High
6.7,7.5,6.3,30,2,63.7,High
5.6,6.3,7.7,45,5,58.7,Medium
6.8,11.9,4.6,30,2,64.4,High
7.1,11.5,2.5,30,4,71.5,High
6.7,5.6,7.8,0,9,77.1,Medium
6.1,8.7,9.1,15,3,52.5,High
7.2,9.1,3.2,0,2,72.0,High
7.6,6.2,8.1,30,4,66.2,Medium
5.5,4.2,10.2,30,9,63.3,Medium
9.0,7.5,6.0,15,4,76.3,Low
6.9,7.1,4.0,30,5,74.2,Medium
7.0,6.5,6.3,0,4,67.1,High
8.0,8.5,4.6,60,8,100.0,Low
7.3,5.8,4.5,0,4,62.6,Medium
8.3,5.0,7.1,60,2,64.3,Medium
7.4,7.7,2.0,30,4,84.4,Low
6.1,8.3,2.4,30,2,70.9,High
7.5,4.9,6.0,15,9,84.5,Low
5.4,9.5,5.9,90,8,79.3,Medium
7.2,3.6,6.9,0,9,74.0,Low
7.0,6.2,10.7,30,4,53.5,Medium
6.7,6.9,6.3,90,1,54.6,Medium
6.8,6.1,7.5,60,3,56.0,Medium
4.4,6.3,3.6,30,7,72.0,Low
6.2,11.6,7.9,90,1,58.9,High
7.1,5.6,4.7,45,8,87.1,Low
7.2,12.9,6.2,0,9,75.2,High
5.6,8.5,5.7,15,8,72.4,Medium
8.8,7.7,8.6,15,5,68.2,Medium
5.8,8.5,2.7,15,9,90.2,Low
8.4,13.1,1.0,45,4,81.3,Medium
7.6,5.3,5.5,30,9,87.2,Low
6.1,5.0,7.2,0,1,41.8,High
9.5,5.8,6.4,60,3,71.4,Low
5.3,7.6,9.1,0,4,51.4,High
8.3,3.7,7.1,90,10,87.5,Low
8.4,7.5,4.6,90,1,68.7,Low
6.1,11.2,1.0,60,6,86.1,Medium
8.9,7.8,5.4,45,4,82.6,Medium
6.6,6.9,8.6,0,4,60.7,High
7.4,6.1,5.0,30,1,63.7,Medium
7.4,9.5,6.1,0,5,74.2,High
6.8,5.7,7.1,0,9,80.6,Low
8.1,11.6,3.5,30,6,82.2,Medium
8.1,11.8,7.6,0,8,65.1,High
4.6,8.1,10.1,90,4,62.2,High
8.8,7.5,5.6,60,9,100.0,Low
4.7,9.8,3.2,15,7,72.9,Medium
8.4,9.9,5.8,30,7,75.6,Low
8.6,5.7,1.0,30,8,100.0,Low
5.5,6.3,6.8,60,2,55.7,Medium
6.4,4.6,7.1,30,6,57.5,Low
5.5,8.4,10.2,0,7,59.5,High
6.7,9.0,5.5,15,3,64.9,High
6.6,4.5,7.0,15,8,67.2,Low
8.1,6.5,3.8,90,1,72.6,Low
8.8,4.5,5.1,0,1,61.5,Low
9.0,5.5,2.2,0,10,100.0,Low
6.2,8.7,5.5,60,3,76.5,Medium
6.7,5.9,5.2,60,6,72.2,Low
4.6,6.8,6.7,60,7,75.2,Low
5.9,3.9,4.4,30,2,53.5,Low
8.4,7.9,6.2,30,6,84.5,Low
9.3,7.4,5.2,30,5,89.3,Low
5.3,5.9,5.2,0,6,63.4,Medium
6.2,7.1,6.2,30,1,55.1,High
7.0,7.9,6.1,0,10,84.2,Low
7.4,5.7,7.9,15,7,64.9,Low
5.9,4.3,5.7,60,8,70.8,Low
7.6,11.5,5.1,15,7,78.0,Medium
6.3,6.1,5.5,60,9,83.8,Low
7.0,7.3,4.2,0,1,59.6,Medium
7.8,9.7,5.1,15,10,89.9,Low
7.0,14.0,11.1,30,9,67.3,High
6.4,4.8,3.7,45,3,64.8,Low
6.8,8.5,5.3,30,2,61.4,High
6.9,5.9,5.0,60,6,77.7,Low
6.5,6.3,5.4,0,5,68.4,Medium
6.6,5.9,5.2,60,4,73.2,Low
9.2,5.0,6.7,0,4,68.6,Low
7.8,7.4,1.7,60,8,100.0,Low
6.6,4.3,8.6,15,10,72.1,Low
8.0,9.6,7.6,45,3,59.1,High
6.5,7.6,2.9,30,1,66.1,Medium
8.6,8.4,1.0,0,5,89.2,Low
7.5,6.5,3.6,60,8,99.8,Low
6.8,6.7,5.4,0,3,64.9,Medium
7.6,8.1,12.5,0,2,46.7,High
4.8,4.9,7.4,45,1,39.3,High
5.4,6.7,1.5,0,4,67.9,Medium
5.3,5.6,4.3,0,2,48.9,Medium
7.2,5.5,5.9,30,8,86.9,Low
9.4,2.9,6.6,45,10,85.5,Low
10.1,10.4,2.7,0,9,100.0,Low
7.9,6.0,5.7,30,10,91.4,Low
7.7,10.1,4.2,45,1,69.7,High
4.5,9.9,3.2,60,2,58.6,High
6.2,4.7,6.6,60,6,72.4,Low
5.9,5.1,7.9,45,10,74.5,Low
6.1,13.1,8.1,30,7,68.4,High
6.8,11.4,7.4,15,2,54.3,High
6.3,7.4,4.8,0,8,86.5,Medium
4.2,8.1,7.8,45,10,79.3,Low
8.0,6.1,6.8,90,9,90.4,Low
5.5,8.5,6.3,45,8,84.2,Medium
7.3,5.9,4.5,0,9,83.5,Low
9.9,3.0,4.8,30,6,80.0,Low
5.7,4.6,6.2,30,7,65.9,Low
3.5,7.5,12.1,30,6,45.3,High
6.6,5.0,6.8,45,7,69.9,Low
8.5,7.4,4.5,30,3,79.4,Low
9.7,5.1,3.9,0,4,79.5,Low
5.3,5.8,4.8,60,9,72.8,Low
7.7,9.4,11.4,30,3,56.4,High
6.3,8.0,5.0,0,2,61.3,High
6.9,7.5,8.3,15,7,66.5,Medium
10.7,9.4,5.1,60,6,99.4,Low
4.9,8.6,6.7,60,3,68.0,High
7.4,10.7,8.0,15,6,73.6,High
7.7,6.5,4.6,0,7,70.4,Low
8.5,6.6,4.4,0,6,81.8,Low
7.1,4.6,10.1,0,1,36.1,High
7.4,6.6,8.5,30,1,51.6,High
6.5,9.6,8.0,30,9,76.6,Medium
7.4,10.4,8.0,30,6,61.1,High
6.5,9.6,7.1,45,2,51.0,High
7.9,3.6,11.0,0,1,36.9,High
6.5,9.9,6.1,0,2,56.8,High
7.5,3.5,7.4,15,8,67.1,Low
7.0,9.5,2.4,0,5,72.5,Medium
8.6,6.7,3.9,0,7,84.0,Low
6.9,9.0,3.0,30,7,92.3,Low
4.5,4.6,9.2,45,2,37.5,High
8.8,10.1,1.0,45,4,87.0,Low
5.7,4.3,5.0,45,2,58.3,Medium
6.1,6.0,1.0,30,7,83.4,Low
6.2,5.3,3.9,45,5,73.4,Low
8.9,3.6,4.8,0,1,57.9,Low
4.0,7.7,9.5,90,2,47.2,High
11.0,11.5,7.0,0,6,77.2,Medium
8.5,13.4,3.9,0,4,63.4,High
7.3,7.7,8.7,0,7,67.4,Medium
6.9,10.0,6.0,90,2,71.3,Medium
7.4,8.0,6.1,90,2,70.5,Medium
7.7,8.6,3.0,45,6,88.5,Low
7.9,6.7,3.5,30,8,89.4,Low
7.8,7.9,3.9,30,1,71.9,Medium
7.1,8.7,6.1,90,5,75.3,Low
6.7,6.2,6.2,30,1,59.5,Medium
6.8,7.3,9.9,60,6,74.8,Medium
6.7,7.4,7.0,15,7,74.0,Medium
8.6,9.3,1.0,15,6,83.8,Low
7.8,5.2,6.7,60,9,80.9,Low
3.5,7.4,2.4,0,3,59.6,High
7.9,11.7,3.6,60,8,91.8,Low
7.3,10.1,4.0,30,3,69.6,High
7.0,10.5,4.3,60,7,88.6,Low
6.5,7.6,2.6,15,5,76.2,Medium
8.6,8.2,6.5,45,1,72.6,High
8.3,9.7,2.5,30,4,82.4,Low
5.9,10.9,6.9,30,9,73.1,Medium
7.6,3.2,11.6,30,8,61.5,Low
5.6,4.6,2.7,90,3,67.9,Low
5.1,10.4,5.3,30,2,58.3,High
6.1,6.9,1.0,0,9,100.0,Low
8.2,6.0,5.2,60,1,62.8,Medium
8.3,4.7,7.6,0,9,79.1,Low
7.7,6.3,7.8,15,7,75.4,Low
8.0,4.4,6.2,0,2,61.7,Medium
7.7,12.1,8.2,60,5,71.3,High
6.1,7.5,12.4,0,2,47.1,High
7.6,7.4,10.3,0,5,57.4,High
8.1,8.8,4.7,60,7,85.8,Low
8.1,9.6,2.4,45,5,83.2,Low
8.7,9.6,5.0,0,2,67.4,High
8.0,9.9,3.6,45,5,88.5,Low
7.5,6.1,7.1,60,10,94.5,Low
8.5,6.8,3.0,0,6,83.1,Low
7.0,9.2,5.8,45,5,74.4,Medium
5.8,6.3,8.1,30,2,45.6,Medium
6.8,7.5,5.7,30,6,76.9,Medium
6.0,8.4,3.6,30,6,78.6,Medium
6.1,9.2,8.9,30,2,51.4,High
6.8,3.6,1.3,0,4,70.8,Low
5.9,9.1,5.2,45,7,80.2,Medium
6.6,7.0,5.9,0,1,49.1,High
4.3,9.1,6.0,30,1,39.0,High
7.3,9.2,6.5,0,6,74.5,Medium
7.0,11.0,7.5,45,7,74.3,High
5.9,10.5,5.9,15,5,65.6,High
7.9,10.5,5.1,30,10,92.8,Medium
8.3,10.7,5.0,15,8,80.6,Medium
4.7,8.1,4.5,45,4,67.1,High
5.9,7.6,8.0,30,3,56.8,High
5.9,9.4,4.4,45,7,79.6,Medium
5.7,9.1,8.1,0,4,59.2,High
8.2,6.8,6.0,0,1,57.6,Medium
6.7,8.4,4.7,30,8,81.2,Low
6.6,7.4,7.5,60,5,76.7,Medium
4.2,5.6,4.2,0,8,64.3,Medium
7.9,10.3,7.6,0,8,80.7,Medium
5.3,7.6,6.5,0,5,70.9,High
7.1,12.0,4.5,30,8,86.8,Medium
7.4,3.9,7.3,15,7,68.4,Low
8.9,6.3,7.4,45,3,68.6,Low
5.2,7.6,8.9,0,4,56.3,High
3.5,10.0,8.4,0,7,53.8,High
7.3,8.4,7.2,15,4,73.1,High
9.5,8.2,3.2,30,6,97.4,Low
8.7,5.0,12.1,30,2,49.5,High
7.3,5.0,2.5,0,2,63.0,Low
6.3,8.2,8.4,60,3,60.9,High
8.1,4.5,7.1,15,10,80.4,Low
5.6,6.3,3.1,45,7,80.9,Low
7.7,8.6,5.7,30,3,69.9,Medium
7.7,5.3,5.8,0,3,61.5,Medium
8.5,11.0,9.3,45,4,69.2,Medium
10.9,10.2,4.2,45,10,100.0,Low
7.5,4.0,5.3,15,6,66.1,Low
6.3,5.4,1.0,30,1,53.1,Low
7.0,2.5,10.3,0,6,52.3,Medium
4.5,5.8,3.3,30,8,74.3,Low
6.0,9.2,6.8,15,8,75.3,Medium
6.4,6.6,5.7,45,6,76.3,Low
6.3,8.5,5.8,0,6,73.6,Medium
7.2,4.2,8.0,0,3,52.5,Medium
5.8,9.3,10.2,0,2,48.0,High
8.6,6.3,6.6,0,7,80.7,Low
7.0,7.5,7.6,30,8,66.6,Medium
7.0,7.3,6.8,0,10,85.0,Low
6.5,4.7,8.5,45,6,62.8,Low
7.2,5.0,4.8,0,5,65.3,Low
8.2,9.6,8.7,45,4,70.3,High
5.8,8.4,8.8,30,1,49.7,High
6.1,9.8,8.7,90,9,78.6,Medium
6.6,8.2,4.3,90,10,100.0,Low
5.1,7.8,5.6,60,4,69.5,Medium
5.9,3.7,6.6,45,2,49.0,Low
6.3,6.9,2.6,15,4,64.1,Medium
8.2,7.4,10.0,45,5,78.3,Medium
7.4,11.8,6.0,90,2,58.9,High
7.3,9.0,6.7,0,7,77.4,Medium
8.2,10.9,4.6,30,3,74.0,Medium
6.8,8.8,2.7,0,8,93.5,Low
7.5,5.9,4.5,30,4,67.4,Low
6.9,7.8,6.5,30,5,69.5,Medium
7.4,8.0,7.7,30,3,69.2,High
6.2,5.4,6.4,30,5,65.6,Medium
3.6,6.7,6.9,90,9,81.9,Medium
6.8,7.0,5.2,30,2,67.9,Medium
9.0,11.0,7.2,45,7,80.8,Medium
8.3,2.9,9.7,15,10,69.5,Low
8.4,10.2,7.8,15,8,81.6,Medium
8.7,5.4,8.0,30,3,56.5,Medium
7.1,4.5,6.7,0,4,58.7,Medium
7.3,10.1,2.2,15,10,98.3,Low
6.1,9.1,3.4,30,2,62.9,High
6.6,10.3,7.1,30,10,81.2,Medium
7.9,9.3,6.0,30,9,80.9,Low
8.7,12.0,7.1,15,3,66.6,High
6.8,8.7,10.2,15,9,75.0,Medium
6.4,7.2,7.8,30,7,66.9,Medium
7.0,8.3,9.1,0,6,62.1,High
7.8,10.2,6.2,0,3,61.7,High
5.0,5.8,4.0,0,7,71.7,Medium
3.8,6.1,5.9,0,3,48.9,High
6.2,6.8,4.0,0,6,69.6,Medium
5.3,2.9,9.9,0,8,46.9,Low
6.3,7.8,8.0,0,5,63.3,High
6.8,3.4,7.3,30,3,47.5,Medium
6.4,7.6,9.1,0,6,61.3,High
9.0,9.4,1.0,15,8,100.0,Low
7.5,6.5,7.5,60,10,83.3,Low
7.4,11.2,2.7,45,3,73.2,Medium
7.9,4.3,6.0,15,5,64.9,Low
5.4,10.1,5.2,60,9,82.5,Low
8.5,9.0,7.7,15,10,90.1,Low
6.9,3.7,6.6,0,10,75.2,Low
7.9,13.5,9.4,90,3,62.8,High
5.5,7.4,4.5,60,2,63.5,Medium
4.8,5.6,7.8,30,8,63.5,Low
8.1,4.4,6.4,30,7,75.4,Low
7.5,7.0,1.9,30,9,97.8,Low
5.7,7.2,3.7,0,4,68.7,Medium
5.8,7.7,5.6,0,3,62.2,High
8.6,6.8,8.8,30,10,83.5,Low
5.3,8.9,7.2,60,5,74.4,Medium
9.3,6.6,3.1,0,1,71.0,Medium
5.7,3.2,5.6,45,5,60.9,Medium
7.9,7.2,11.0,0,3,56.2,High
6.5,2.3,6.3,30,1,43.4,Medium
7.8,8.3,5.2,30,3,74.2,Medium
6.2,5.3,7.2,30,5,64.4,Medium
6.8,7.9,7.9,0,5,64.8,Medium
7.1,10.4,4.9,15,10,90.7,Low
5.6,5.4,7.3,30,8,70.0,Low
8.0,9.8,5.2,0,1,65.8,High
6.3,6.5,7.8,0,7,64.1,High
6.7,11.4,6.4,30,5,66.3,High
5.6,6.7,7.2,30,3,52.7,High
3.5,5.7,4.1,0,4,56.6,Medium
6.7,9.0,3.9,30,3,67.7,Medium
10.4,6.5,8.4,60,8,92.5,Low
8.1,5.6,5.8,0,4,64.2,Low
7.0,6.4,6.7,30,3,66.6,Medium
6.6,7.4,5.2,0,2,60.3,High
7.0,10.5,8.2,0,3,57.2,High
7.8,3.2,4.5,0,7,66.1,Low
5.3,7.6,5.7,15,6,66.7,Medium
8.6,8.9,8.0,45,10,94.8,Low
8.0,7.9,8.9,0,5,73.1,High
8.0,10.4,4.7,30,8,89.2,Low
7.6,7.3,10.9,15,1,58.0,High
7.0,7.1,6.8,0,3,63.6,High
7.9,8.8,3.4,30,2,74.0,Medium
7.8,7.7,6.9,45,2,65.9,High
6.5,6.6,5.0,45,1,67.5,Medium
6.2,8.6,7.1,45,5,72.8,High
7.1,6.1,5.9,15,5,66.1,Medium
9.2,6.2,6.2,45,3,70.6,Low
5.3,6.3,3.7,0,9,75.5,Low
4.9,10.5,8.5,45,6,62.3,High
7.2,1.0,3.1,60,10,75.5,Low
7.1,8.4,3.2,0,6,79.3,Medium
7.2,7.6,6.9,15,10,87.8,Low
7.3,3.8,10.0,30,6,56.9,Low
6.7,8.2,5.1,45,2,66.0,Medium
9.1,8.5,7.8,0,10,93.2,Low
4.8,8.8,8.7,90,10,83.6,Low
5.8,1.7,8.0,30,8,55.0,Low
6.9,10.5,5.2,0,6,69.2,High
4.7,5.9,3.3,0,3,59.8,High
6.8,9.0,1.0,45,10,100.0,Low
9.3,9.1,5.3,0,9,93.1,Low
7.0,5.6,8.9,0,2,50.6,High
7.3,9.0,3.2,30,7,83.2,Medium
5.2,6.7,7.8,30,3,50.9,High
6.1,2.9,3.6,30,6,64.3,Low
6.5,10.1,6.3,15,5,73.9,High
6.6,5.8,7.8,45,6,62.2,Low
8.8,5.6,4.4,90,8,95.8,Low
7.8,6.6,6.4,0,3,59.6,Medium
5.4,8.1,5.0,45,2,72.3,High
7.3,7.4,7.8,60,8,84.1,Low
7.7,8.7,6.6,30,1,58.3,High
8.6,4.6,6.1,30,2,54.8,Low
9.2,5.9,9.9,0,10,82.7,Low
5.6,7.2,7.7,30,1,50.7,High
5.9,11.7,4.3,30,5,70.0,Medium
5.2,7.2,5.8,45,8,73.2,Low
6.7,9.9,5.8,90,2,75.4,Medium
7.7,7.6,6.2,0,4,69.7,Medium
8.4,6.4,12.3,0,4,55.0,High
6.9,7.0,6.9,0,7,74.7,Medium
6.6,7.1,1.0,45,1,72.6,Medium
7.2,8.8,4.6,0,9,92.2,Low
5.8,10.5,1.2,30,3,68.7,High
9.9,8.3,5.2,15,6,93.5,Low
4.7,10.1,1.0,30,10,95.4,Low
7.3,5.4,3.8,0,5,74.5,Low
9.8,6.6,2.2,60,4,97.5,Low
7.0,5.9,7.0,30,9,76.1,Low
6.7,8.2,6.0,60,9,91.7,Low
6.5,6.7,6.8,30,1,56.0,High
6.7,9.1,5.7,0,7,75.5,Medium
8.9,5.5,2.5,0,10,98.9,Low
3.9,7.6,7.3,90,9,82.8,Medium
9.1,9.0,10.8,45,5,68.3,Medium
5.0,3.0,7.0,0,1,28.4,High
6.6,12.2,4.9,45,8,78.3,Medium
6.4,6.9,2.4,15,5,66.6,Low
7.8,3.0,3.7,15,6,70.1,Low
4.8,7.8,7.1,0,7,71.5,High
7.6,7.6,8.7,45,10,81.5,Low
9.8,7.3,6.7,0,7,83.6,Low
5.1,9.7,8.0,0,7,57.4,High
7.3,9.1,7.8,15,1,56.5,High
6.1,8.2,7.3,0,7,73.2,High
7.6,8.5,4.4,30,3,74.1,Medium
7.0,7.3,6.4,0,5,65.7,Medium
6.1,11.4,3.9,15,10,84.9,Medium
7.7,4.2,6.0,60,5,74.8,Low
9.5,7.8,6.8,15,8,93.8,Low
6.7,7.6,10.2,15,7,65.1,High
8.0,9.3,2.7,30,7,89.8,Low
5.2,5.6,7.2,30,6,59.4,Medium
5.7,3.7,9.7,45,7,57.8,Low
7.7,7.8,7.9,0,7,69.8,Medium
9.1,8.1,8.1,60,5,83.6,Low
7.5,10.8,7.5,45,5,67.2,High
6.6,4.7,9.2,45,4,53.0,Medium
7.0,10.0,3.3,0,4,68.1,High
5.2,12.7,2.5,0,5,66.6,High
7.8,6.7,6.0,30,10,87.9,Low
8.2,4.7,1.0,60,9,94.9,Low
6.4,6.6,9.1,30,6,61.5,Medium
6.3,7.5,9.1,0,8,64.7,Medium
7.4,8.7,4.9,0,9,90.7,Low
6.4,6.2,5.1,30,4,61.8,Medium
6.9,10.9,5.8,45,7,77.3,Medium
9.9,5.0,6.1,0,5,71.2,Low
6.7,3.7,6.3,0,4,59.7,Medium
6.5,9.9,7.4,15,7,72.0,High
6.1,2.5,5.6,30,3,47.0,Medium
8.0,7.1,8.4,45,1,59.9,High
6.7,14.0,7.1,45,7,63.6,High
6.1,7.5,4.5,30,9,89.1,Low
8.8,5.0,9.3,0,2,52.5,Medium
9.0,7.4,2.6,30,7,97.8,Low
6.2,7.4,5.8,90,10,89.7,Low
4.4,7.9,8.4,60,2,46.7,High
8.4,9.0,4.2,60,3,73.5,Low
6.0,5.2,6.8,15,10,68.5,Low
8.1,11.2,7.4,45,10,87.3,Low
4.2,8.0,3.8,60,3,74.1,Medium
8.2,9.1,5.8,30,4,73.3,Medium
5.3,6.1,5.6,0,6,60.9,Medium
8.0,10.3,4.6,90,3,78.3,Medium
7.0,6.9,11.8,30,9,66.9,Medium
5.7,8.1,4.1,0,2,56.1,High
6.4,5.4,8.5,0,7,58.8,Medium
8.0,5.3,5.0,30,6,75.7,Low
7.1,9.0,3.3,15,2,76.2,High
7.8,6.5,6.3,0,3,61.1,Medium
9.8,5.6,7.6,45,6,80.7,Low
4.8,6.1,8.3,45,10,67.0,Low
9.3,9.0,9.9,45,4,73.8,Medium
7.1,6.1,13.4,0,1,31.9,High
5.7,7.2,6.6,30,1,48.6,High
5.1,7.5,4.3,0,3,56.1,High
6.7,3.3,7.1,15,8,62.2,Low
8.3,4.3,5.3,15,4,61.3,Low
6.8,8.2,8.3,45,1,58.2,High
9.1,5.9,2.8,15,8,88.6,Low
5.0,9.8,11.9,0,10,63.7,High
7.0,9.6,8.1,15,6,66.0,High
5.2,9.1,1.8,30,1,59.6,High
7.5,11.5,4.2,60,10,91.3,Low
8.2,7.3,8.0,60,10,88.1,Low
6.4,8.9,8.9,0,6,63.3,High
3.5,6.2,2.8,0,1,45.1,High
7.3,12.9,7.8,0,10,78.8,High
7.6,11.9,1.1,45,10,90.4,Low
7.6,7.5,5.8,0,3,71.2,Medium
8.7,8.4,8.8,0,2,58.2,High
5.5,10.5,4.6,30,4,70.7,High
8.0,7.2,2.2,0,2,73.5,Low
8.7,6.1,6.4,0,5,76.4,Medium
4.5,9.4,4.5,15,4,60.7,High
7.4,7.7,7.6,0,6,70.8,Medium
6.3,7.9,3.8,30,7,80.0,Low
6.9,5.7,4.1,90,2,69.5,Low
7.5,3.7,1.0,0,2,59.5,Low
6.3,8.0,6.4,15,8,79.8,Medium
6.1,9.5,5.6,60,9,86.3,Low
7.0,7.0,3.0,60,5,82.5,Low
5.5,10.7,6.5,15,7,71.9,High
5.5,6.0,8.6,30,9,71.3,Medium
8.0,5.2,5.5,0,1,51.9,Medium
5.4,7.4,6.7,45,8,78.7,Medium
7.9,7.3,6.7,90,10,100.0,Low
7.6,9.2,3.0,30,10,88.9,Low
4.6,5.8,11.1,30,9,54.5,Medium
6.1,10.5,4.8,0,9,76.8,Medium
8.7,11.8,7.6,30,10,82.9,Medium
5.6,7.4,7.9,30,7,71.8,Medium
6.3,10.2,5.7,30,10,81.0,Medium
7.6,5.2,7.5,0,3,51.4,Medium
8.1,9.9,6.6,30,5,75.1,Medium
6.6,9.8,2.5,30,2,68.0,High
6.2,9.4,5.2,0,10,88.0,Medium
9.0,7.5,4.5,0,3,76.8,Medium
9.4,1.0,4.8,0,10,92.7,Low
8.4,6.1,2.7,45,7,86.9,Low
7.1,6.1,8.8,30,1,43.8,High
5.9,5.3,10.0,45,3,53.4,Medium
5.8,7.8,8.4,0,5,72.4,High
7.7,6.6,9.2,60,4,65.0,Medium
7.6,5.7,5.1,45,3,66.8,Low
9.0,5.2,4.4,15,6,80.6,Low
7.9,5.9,4.1,0,6,73.3,Low
4.9,10.0,7.6,0,4,44.1,High
8.5,6.0,6.6,90,9,94.3,Low
5.6,6.4,5.8,15,6,66.6,Medium
6.5,6.5,9.2,15,9,66.0,Low
7.4,8.2,7.0,0,10,83.7,Medium
9.8,8.5,3.9,45,10,100.0,Low
11.0,1.0,4.3,0,2,62.6,Low
7.8,9.7,7.7,15,6,71.9,Medium
6.7,10.7,8.6,15,4,57.6,High
7.7,5.2,7.4,15,2,56.6,Medium
8.2,5.4,10.7,15,5,62.9,Medium
6.6,6.5,10.1,30,3,53.0,High
9.5,5.8,7.1,45,6,83.1,Low
7.3,8.0,3.9,45,8,100.0,Low
7.7,3.2,2.7,45,4,74.1,Low
7.9,5.0,5.0,0,4,66.3,Low
7.6,10.9,7.9,45,5,69.2,High
8.2,5.5,10.6,0,6,57.2,Low
6.1,10.2,7.0,0,7,64.8,High
6.2,8.3,8.9,60,6,70.3,Medium
5.5,3.5,5.4,45,7,63.7,Low
7.6,8.9,7.6,30,9,91.9,Low
8.1,7.2,8.1,60,4,73.5,Low
7.6,6.5,1.1,90,10,100.0,Low
9.3,8.0,5.0,30,1,78.6,Medium
7.0,8.5,8.4,30,9,81.5,Low
7.9,9.1,6.7,45,7,81.7,Medium
5.5,10.1,3.0,0,4,66.6,High
6.5,8.4,1.0,0,10,98.8,Low
8.0,4.5,5.1,45,8,87.7,Low
8.2,6.5,5.8,15,7,75.0,Low
6.6,14.0,3.8,0,2,50.8,High
6.9,9.1,6.4,15,1,56.6,High
4.9,12.7,7.3,15,9,68.7,High
6.5,10.6,7.7,90,7,80.1,Medium
8.2,8.0,1.0,30,10,100.0,Low
7.8,8.2,2.7,30,1,77.3,Medium
7.7,7.4,5.2,90,4,79.1,Low
7.1,3.7,7.4,60,5,70.0,Low
7.0,7.5,7.2,30,5,67.2,Medium
6.1,10.2,7.2,60,5,60.6,High
8.0,6.2,5.0,15,3,70.4,Medium
7.6,8.4,5.2,0,5,69.4,Medium
7.7,9.4,4.2,0,4,70.8,Medium
6.3,5.5,7.9,30,5,59.4,Medium
4.0,6.5,3.7,30,7,72.3,Medium
8.5,5.3,8.1,30,5,71.7,Low
6.3,5.7,6.5,30,8,68.3,Low
5.8,4.7,5.9,0,8,62.1,Low
8.0,5.5,4.4,0,3,79.3,Low
6.5,10.6,2.6,30,5,75.5,Medium
8.5,5.5,4.4,0,4,64.2,Low
7.9,7.8,5.2,30,5,76.0,Low
8.0,6.4,1.0,30,8,94.2,Low
5.1,10.1,5.5,30,4,61.3,High
8.7,10.4,8.3,15,5,74.3,High
7.4,9.4,7.4,30,7,83.2,Medium
6.5,8.2,4.8,45,3,67.7,Medium
7.2,7.0,6.1,90,6,80.5,Low
4.5,4.9,4.6,45,9,74.3,Low
7.6,11.8,6.4,30,4,62.7,High
5.6,5.8,9.9,0,4,51.1,High
5.1,9.0,8.4,30,6,72.5,High
4.9,9.8,7.3,60,6,66.5,High
8.6,6.3,4.8,0,3,70.7,Medium
6.1,9.8,7.9,0,1,44.4,High
9.1,9.2,1.8,0,3,82.9,Medium
6.2,11.3,5.4,45,8,73.8,Medium
4.6,6.5,7.5,15,8,61.2,Medium
5.4,4.7,7.9,0,6,46.4,Medium
8.7,6.4,7.7,60,7,85.9,Low
6.8,8.0,6.7,30,2,68.4,High
6.2,7.6,5.5,15,9,87.0,Medium
7.2,6.6,7.3,15,3,60.6,Medium
7.7,3.3,3.6,0,2,55.3,Low
8.6,8.5,3.9,30,5,85.3,Medium
9.0,11.8,6.2,15,1,56.3,High
6.5,8.5,6.4,30,5,74.8,High
5.1,8.8,1.4,45,10,99.2,Low
6.4,8.8,7.1,30,4,60.8,High
7.4,8.4,7.9,0,6,67.0,High
5.7,9.5,5.8,30,5,62.0,Medium
5.7,8.4,11.9,45,9,67.8,High
7.5,6.8,4.3,0,5,74.1,Medium
6.9,5.7,5.1,0,8,76.3,Low
7.0,7.0,5.0,30,2,59.6,Medium
5.9,8.2,5.8,30,3,61.4,High
6.7,6.8,5.2,0,3,59.4,Medium
5.7,8.2,2.5,45,3,76.4,Medium
8.2,8.5,4.6,30,6,81.5,Low
8.4,9.3,5.8,60,7,88.6,Low
4.4,10.3,9.1,0,7,52.3,High
5.7,7.7,11.5,45,7,62.5,High
4.9,4.6,9.3,0,3,42.0,High
6.1,6.7,4.1,30,1,54.5,Medium
6.9,7.6,4.3,30,6,70.4,Low
5.0,3.5,5.6,15,3,41.0,Medium
5.7,10.6,10.5,45,3,50.4,High
5.6,7.8,5.6,0,3,55.1,High
7.3,8.3,2.7,30,9,93.8,Low
7.1,10.5,4.7,0,4,68.8,High
6.0,6.1,7.9,45,5,65.5,Medium
7.2,8.8,7.7,0,3,64.2,High
6.2,7.3,5.5,45,10,90.9,Low
6.6,7.1,7.7,45,1,50.9,High
9.3,5.8,1.0,45,4,95.1,Low
8.9,11.2,6.3,0,1,55.4,High
5.2,6.7,8.2,30,7,62.3,Medium
8.2,9.0,3.9,0,7,85.9,Medium
8.1,3.4,3.9,45,4,70.5,Low
5.4,10.1,1.3,45,5,83.7,Medium
8.1,9.8,10.0,30,10,79.3,Medium
9.2,7.7,4.2,45,7,97.1,Low
5.4,7.0,6.6,0,6,61.3,Medium
5.7,8.4,7.5,30,4,68.5,High
8.4,12.5,9.8,0,4,57.1,High
7.4,3.6,5.6,90,2,67.0,Low
7.8,9.2,4.7,60,10,93.9,Low
7.5,5.5,6.4,45,2,58.4,Medium
7.5,7.5,9.2,60,4,68.8,Medium
5.1,7.0,5.6,15,5,68.9,Medium
8.5,6.6,3.6,60,4,87.1,Low
8.6,7.5,2.1,15,3,87.5,Low
6.7,5.0,2.9,45,2,70.1,Low
6.9,9.8,8.2,45,4,67.2,High
4.9,3.6,5.2,0,5,52.5,Medium
7.7,8.7,4.5,15,1,61.1,High
7.8,6.8,4.2,0,1,54.2,Medium
6.9,4.9,6.2,90,6,75.5,Low
8.6,7.9,5.4,0,5,82.3,Medium
6.5,4.1,5.3,30,4,49.0,Low
7.8,7.6,9.4,45,1,52.8,High
5.6,4.4,9.8,0,7,47.9,Medium
7.0,8.5,2.0,30,4,80.0,Low
6.8,5.5,6.8,30,3,58.7,Medium
7.3,6.5,4.1,0,7,83.7,Low
6.5,8.1,5.4,45,2,61.2,Medium
6.8,5.8,6.8,0,10,79.5,Low
8.2,7.4,5.5,0,1,57.4,Medium
6.4,4.2,6.6,30,4,59.8,Medium
4.8,8.9,7.7,15,8,66.1,High
9.4,11.4,6.7,60,6,77.9,Medium
8.9,13.6,4.4,60,9,89.0,Medium
5.2,7.7,4.4,30,1,53.6,High
8.0,9.2,2.4,15,1,71.4,High
6.3,3.6,3.9,15,5,65.0,Low
7.4,10.8,10.9,0,6,62.6,High
7.4,9.2,4.0,30,8,86.7,Low
6.7,6.4,3.0,45,3,77.4,Low
5.9,10.2,6.8,15,6,65.6,High
6.0,6.9,5.7,0,3,63.6,Medium
5.7,6.5,5.5,30,8,75.5,Low
5.8,8.5,9.5,0,4,52.8,High
6.9,5.2,7.4,45,2,57.2,Medium
6.0,9.7,4.7,30,9,84.9,Medium
8.0,5.2,4.9,30,10,87.1,Low
9.1,5.2,4.7,15,8,90.7,Low
6.2,5.5,8.2,60,6,61.7,Low
7.3,9.2,5.2,0,3,68.2,High
7.7,6.1,1.5,60,2,79.4,Low
7.7,4.5,5.9,15,4,66.9,Low
7.1,6.2,2.2,60,4,84.1,Low
8.0,7.4,11.5,45,1,51.7,High
7.7,4.9,3.6,0,9,83.9,Low
5.3,5.0,5.6,45,10,77.8,Low
8.2,12.1,6.6,30,8,86.7,Medium
8.2,5.6,5.3,0,7,79.9,Low
5.9,6.8,5.3,0,6,72.6,Medium
7.1,6.7,7.1,30,3,61.3,Medium
8.0,6.6,9.8,30,4,57.6,Medium
6.7,8.9,7.9,45,2,55.7,High
8.5,9.6,9.7,45,7,80.7,Medium
10.3,6.8,3.4,30,2,78.6,Low
5.9,4.8,6.8,45,10,89.5,Low
5.1,10.3,6.4,30,1,47.4,High
7.4,7.3,6.9,0,6,73.4,Medium
8.0,11.3,9.4,60,4,65.6,High
6.7,2.6,5.4,0,8,65.9,Low
9.0,7.9,5.0,15,1,65.8,Medium
5.1,11.7,7.3,45,9,72.3,High
8.0,6.7,1.6,15,6,88.5,Low
6.2,7.0,5.4,0,2,56.0,High
9.4,8.2,5.7,0,8,98.5,Low
9.8,6.3,3.7,30,5,80.2,Low
5.9,6.8,8.6,90,5,61.5,Medium
6.2,6.8,3.3,30,5,78.0,Low
8.2,6.1,5.7,30,7,80.9,Low
6.5,10.2,6.7,15,7,68.0,High
6.9,8.5,9.4,0,10,78.4,Medium
7.0,8.1,6.0,0,7,81.5,Medium
4.3,9.3,8.3,0,10,61.8,High
7.0,6.9,7.8,15,2,58.7,High
6.0,5.8,6.3,0,8,71.1,Low
6.3,6.2,3.3,0,1,56.3,Medium
9.0,7.5,2.4,45,2,83.6,Low
5.2,5.2,6.3,60,7,69.6,Low
8.1,6.4,4.6,60,4,80.6,Low
6.6,6.4,8.3,30,10,74.9,Low
6.6,12.2,7.9,0,10,77.1,High
8.1,1.4,5.5,45,9,79.4,Low
7.5,7.1,3.1,0,9,94.9,Low
7.8,11.3,7.3,30,3,55.0,High
8.4,7.8,3.5,45,3,86.2,Low
6.5,9.2,4.1,45,9,88.4,Low
6.1,7.7,3.6,90,10,100.0,Low
5.5,6.0,5.7,45,8,67.2,Low
5.8,2.6,8.9,30,1,31.2,Medium
11.0,8.0,6.0,0,6,94.1,Low
8.7,5.8,4.9,60,7,90.0,Low
5.1,5.7,2.2,0,8,71.8,Low
5.1,6.4,7.4,60,2,55.7,High
7.7,11.3,4.0,15,1,58.4,High
7.8,12.8,6.3,0,4,60.1,High
7.8,8.0,5.1,45,1,64.7,Medium
6.6,6.5,8.1,0,2,51.9,High
6.8,4.9,5.6,45,3,65.6,Medium
7.5,8.5,5.9,0,4,73.1,High
7.1,11.4,7.2,60,6,68.7,High
3.9,7.0,11.3,30,8,55.8,High
6.7,2.3,8.2,30,9,57.7,Low
5.8,9.0,5.8,15,4,69.2,High
7.2,9.7,6.0,0,1,56.2,High
11.0,4.0,4.7,45,5,86.6,Low
7.5,7.9,3.6,0,5,80.0,Low
6.6,8.5,4.6,15,9,84.4,Low
8.3,7.3,4.1,30,6,83.8,Low
7.7,5.8,7.6,30,5,69.0,Low
7.6,9.7,3.3,0,10,99.8,Low
7.8,6.6,9.3,0,10,76.9,Medium
9.9,4.2,7.9,0,5,71.6,Low
5.4,3.0,6.1,60,8,70.1,Low
7.7,10.3,6.0,0,1,55.6,High
5.7,8.9,4.6,90,5,82.9,Medium
7.8,7.7,6.7,0,1,63.3,High
5.7,6.5,8.7,0,7,52.9,Medium
6.4,6.3,4.2,30,7,81.2,Low
6.6,5.1,2.2,0,10,91.8,Low
8.4,6.6,7.8,30,8,76.8,Low
8.3,2.8,6.8,60,7,67.2,Low
5.3,5.9,3.2,0,9,79.0,Low
7.1,6.8,4.2,45,8,94.0,Low
6.0,8.8,3.9,15,8,78.1,Medium
5.2,7.4,4.2,0,3,54.3,High
6.7,9.2,5.2,0,10,84.1,Medium
6.6,10.5,5.3,60,4,68.1,Medium
10.4,9.8,4.4,0,4,75.6,Medium
7.6,8.5,4.1,60,1,69.5,Medium
5.1,7.5,5.4,30,6,72.0,Medium
6.2,5.3,6.4,0,2,57.0,High
8.4,9.1,5.2,30,9,95.4,Low
9.9,11.2,8.9,45,1,65.1,High
4.8,8.3,7.3,45,1,46.9,High
4.4,11.7,2.0,30,10,82.8,Medium
9.6,4.1,7.3,60,6,76.3,Low
7.5,5.0,7.5,0,1,49.3,Medium
5.8,9.4,4.9,60,3,69.6,High
7.7,8.1,2.3,45,10,100.0,Low
3.5,10.4,6.0,45,2,48.5,High
7.0,7.5,6.0,45,9,86.0,Low
7.5,5.6,3.2,30,5,81.7,Low
8.3,7.0,2.4,30,6,92.3,Low
5.6,4.1,5.8,30,2,51.1,Medium
7.1,5.0,5.4,15,8,75.6,Low
5.7,9.6,5.0,30,6,77.2,Medium
7.4,9.4,5.8,0,8,75.4,Medium
5.7,8.3,3.2,15,8,87.6,Medium
6.4,3.7,4.9,0,1,49.7,Medium
5.6,6.7,7.3,0,7,61.5,Medium
7.9,4.8,5.1,15,2,57.2,Medium
8.2,10.1,1.8,60,8,94.1,Low
6.7,6.2,4.8,15,2,62.1,Medium
7.1,5.1,3.3,45,4,61.7,Low
5.0,7.6,6.7,0,2,51.8,High
6.6,6.1,6.8,15,7,67.3,Low
6.9,10.8,1.9,0,5,71.8,Medium
10.7,5.9,7.9,0,9,80.5,Low
5.4,4.4,3.2,30,5,61.3,Low
9.0,2.8,9.9,30,8,73.0,Low
8.4,7.4,5.9,0,2,63.1,Medium
7.4,6.3,2.9,30,3,74.5,Low
9.5,4.4,3.1,60,6,83.8,Low
7.5,10.1,6.9,0,7,77.6,High
7.5,9.0,5.0,0,10,92.4,Low
6.9,7.4,5.8,30,8,82.0,Low
8.7,10.5,10.0,0,3,57.8,High
8.5,9.0,4.3,90,7,97.9,Low
6.1,5.7,6.1,30,8,69.8,Low
5.2,5.2,9.5,30,10,63.4,Medium
6.7,9.3,6.7,15,6,74.6,High
5.9,8.4,2.0,30,4,82.8,Medium
6.9,7.9,7.3,0,6,71.3,Medium
8.7,5.6,3.1,60,9,100.0,Low
6.4,8.8,9.5,30,3,60.7,High
6.9,5.8,3.9,0,2,58.9,High
7.1,7.3,13.4,30,5,54.5,High
8.2,10.7,9.7,0,7,70.9,High
3.9,6.0,4.0,0,3,60.4,High
6.2,4.0,6.1,30,5,62.5,Low
7.3,5.2,7.9,30,4,61.1,Medium
8.7,9.7,8.0,30,7,77.5,Medium
6.3,8.1,7.1,0,2,55.9,High
4.4,7.2,9.1,30,7,63.6,Medium
7.9,6.4,5.7,0,2,63.8,Medium
6.1,8.6,5.1,30,3,63.7,High
5.3,5.6,5.1,30,5,68.5,Medium
6.1,8.2,8.1,30,7,77.4,Medium
6.7,5.9,6.9,60,6,71.5,Low
6.2,5.5,6.7,60,7,73.6,Low
3.9,6.1,8.0,90,6,59.5,Medium
8.3,6.7,1.0,90,1,79.8,Low
8.8,7.4,6.8,45,5,81.5,Medium
7.9,8.0,6.5,90,1,68.4,Medium
5.4,1.0,10.2,60,7,49.6,Low
6.7,5.7,2.2,45,4,73.4,Low
7.0,6.6,9.9,0,5,61.8,Medium
7.8,10.8,6.2,0,1,55.5,High
7.9,5.1,7.2,45,8,70.6,Low
6.0,7.9,10.2,30,4,55.5,High
7.1,10.8,7.4,45,3,62.1,High
7.6,4.6,7.0,15,1,43.2,Medium
9.0,8.4,6.6,15,4,69.2,Medium
8.0,5.7,4.8,45,3,69.7,Low
8.1,6.4,5.9,60,8,92.0,Low
7.1,5.7,4.2,0,9,84.8,Low
9.0,5.9,5.9,60,5,80.4,Low
7.6,13.5,1.0,45,9,90.0,Low
5.8,9.4,7.1,15,1,46.5,High
9.0,9.9,5.7,15,7,87.2,Medium
8.0,8.6,5.2,0,7,83.5,Medium
6.4,4.0,6.5,0,6,62.5,Low
6.3,8.4,2.4,30,4,82.0,Medium
7.4,9.9,10.8,0,9,68.3,Medium
7.6,5.6,5.7,0,3,62.8,Low
7.3,9.6,5.6,45,1,65.2,High
7.4,9.0,3.6,30,2,68.2,Medium
9.4,11.6,6.1,30,3,68.2,Medium
8.5,6.6,9.5,0,2,57.8,High
7.3,5.1,8.6,45,6,66.0,Low
8.3,6.7,8.1,60,7,77.5,Low
5.6,10.7,7.4,30,5,57.2,High
7.6,3.5,5.1,60,5,64.5,Low
9.5,2.9,2.4,45,7,85.4,Low
6.7,7.7,5.5,45,6,75.0,Medium
5.8,6.5,5.4,45,8,79.0,Low
6.1,7.5,8.6,0,9,81.8,Medium
5.5,9.6,6.8,0,2,52.5,High
5.9,6.3,10.0,0,2,46.7,High
6.5,3.4,9.0,0,1,37.0,High
5.0,12.0,4.9,0,7,58.1,High
7.0,5.3,1.5,60,4,79.0,Low
8.3,5.2,9.5,0,9,69.6,Low
5.7,9.9,9.4,90,6,64.4,High
9.1,6.7,2.6,30,7,93.5,Low
7.7,7.4,9.8,0,7,71.9,Medium
8.4,8.6,7.0,30,8,85.3,Low
6.1,9.9,6.4,0,4,63.3,High
8.2,6.8,10.0,90,3,67.5,Medium
5.5,10.8,9.4,45,3,51.5,High
8.2,2.8,7.6,0,10,72.5,Low
7.2,9.2,7.2,60,8,88.6,Low
7.8,5.7,7.5,45,3,60.1,Medium
5.4,10.5,5.0,0,8,69.6,High
5.7,7.8,5.9,30,2,58.6,High
7.8,6.0,3.7,30,5,80.0,Low
5.7,9.0,5.2,0,5,68.8,High
7.6,9.5,5.1,45,7,82.6,Medium
5.1,8.9,4.4,0,5,69.7,High
8.2,5.2,6.3,30,9,79.5,Low
5.3,6.4,5.2,0,3,58.4,High
7.8,7.5,7.3,90,9,94.7,Low
7.9,7.4,1.9,45,1,76.1,Medium
6.0,9.1,5.7,0,3,61.5,High
7.8,3.1,6.3,15,4,57.3,Low
7.4,8.2,5.2,0,6,78.9,Medium
6.2,6.9,5.6,45,10,96.9,Low
5.6,5.7,2.0,0,8,82.2,Low
4.3,5.9,6.9,45,7,61.6,Medium
7.5,7.0,7.6,60,8,81.9,Low
4.8,1.0,7.2,30,6,50.2,Low
7.1,6.0,8.6,0,6,61.0,Medium
6.6,5.6,6.5,15,6,73.2,Medium
8.0,8.7,7.2,30,3,71.3,High
6.6,5.7,6.4,30,10,76.1,Low
6.5,7.0,7.7,30,4,66.0,High
8.0,10.9,2.1,30,6,77.5,Medium
7.5,9.7,3.8,15,7,82.4,Medium
7.4,9.5,10.0,60,3,64.1,High
7.7,6.4,1.0,0,4,71.3,Low
4.9,8.7,5.6,30,6,77.5,High
8.1,7.0,8.9,45,1,62.0,Medium
7.9,7.1,5.8,0,7,75.4,Medium
5.6,8.4,5.0,45,1,66.1,High
6.7,6.2,6.3,45,10,77.8,Low
6.9,10.8,5.1,30,9,80.0,Medium
6.8,7.1,6.1,0,10,78.1,Low
7.5,8.9,4.3,0,9,80.9,Medium
9.0,10.7,8.8,15,9,80.3,Low
8.5,9.8,9.6,0,4,62.5,High
5.2,4.4,5.7,90,2,55.8,Medium
7.9,8.5,2.5,30,7,93.3,Low
8.9,9.4,4.7,0,4,76.6,Medium
7.5,9.5,5.5,60,5,74.0,Medium
8.5,5.1,7.3,45,1,56.0,Medium
9.8,6.1,3.5,0,10,88.2,Low
8.4,9.7,4.1,15,6,87.7,Medium
7.3,5.8,7.3,0,7,69.6,Low
8.5,6.8,8.3,90,3,72.5,Low
7.2,11.0,4.4,30,10,92.9,Low
7.0,7.4,2.7,60,2,78.8,Medium
6.5,5.9,14.0,15,10,59.5,Medium
9.2,5.6,8.0,60,7,81.0,Low
5.9,8.2,5.3,0,1,61.9,High
9.1,4.6,8.2,90,2,62.8,Low
7.7,7.0,5.7,60,3,78.9,Medium
5.0,8.2,8.2,15,4,54.7,High
7.5,10.4,6.4,45,5,65.3,Medium
4.1,9.0,6.2,45,4,59.8,High
7.9,5.9,5.7,60,10,91.1,Low
8.2,10.1,2.4,15,3,71.1,Medium
6.2,6.8,10.8,30,1,43.1,High
7.2,4.8,3.6,60,7,80.2,Low
9.7,7.1,2.6,45,10,100.0,Low
6.3,10.7,5.5,15,6,73.4,High
5.5,7.9,3.6,45,2,63.0,Medium
9.1,7.5,5.9,0,2,66.1,Medium
9.7,11.1,7.7,45,3,74.7,High
7.0,4.4,8.5,0,8,68.9,Low
8.4,4.7,8.0,0,8,70.5,Low
8.9,3.9,5.2,30,10,86.4,Low
6.0,8.3,6.1,15,10,83.9,Low
6.3,7.9,7.0,30,10,86.6,Low
8.7,10.9,1.6,30,10,100.0,Low
9.4,8.0,7.4,15,8,92.1,Low
7.8,6.6,2.4,0,7,81.7,Low
5.8,7.5,11.1,45,2,46.7,High
9.8,7.8,5.0,15,1,65.2,Medium
6.3,3.8,5.5,30,6,64.0,Low
6.5,13.5,4.1,30,8,70.8,High
7.5,8.6,4.4,60,1,67.6,Medium
9.2,8.0,11.7,45,3,69.3,High
8.2,8.9,8.4,0,1,57.3,High
7.6,9.1,2.1,45,10,100.0,Low
7.6,7.2,9.8,90,9,85.3,Low
7.1,6.1,9.0,30,7,74.2,Medium
7.8,8.8,5.3,90,8,92.4,Low
3.5,8.3,6.8,30,9,71.9,Medium
6.6,5.7,6.0,30,3,60.5,Medium
7.3,10.6,10.9,15,10,71.6,High
5.4,8.1,4.0,30,2,72.4,High
7.5,9.1,6.4,0,6,68.6,High
6.7,10.6,4.9,0,5,60.5,High
9.5,7.5,2.4,0,4,86.2,Low
9.2,8.2,11.5,0,6,66.9,Medium
6.3,9.3,3.0,15,6,69.3,Medium
6.8,5.9,6.6,30,3,61.5,Medium
6.9,7.6,1.6,0,2,72.3,Medium
6.4,7.8,5.0,90,9,98.8,Low
7.3,5.4,7.1,0,8,69.5,Low
5.9,12.6,3.9,15,4,54.3,High
5.4,4.4,7.5,0,6,50.0,Medium
7.9,4.6,5.3,0,3,52.6,Low
7.9,10.4,8.9,0,8,78.6,High
5.9,9.1,9.4,30,3,57.5,High
8.3,5.2,4.5,45,2,72.8,Low
6.1,8.8,6.2,0,7,74.9,Medium
7.4,10.7,6.5,15,3,56.2,High
8.1,7.4,7.5,0,9,81.5,Low
7.0,13.2,6.0,45,3,63.1,High
7.6,3.7,6.5,45,8,67.8,Low
6.3,9.0,5.4,0,2,60.4,High
6.7,10.1,6.3,15,9,83.0,Medium
6.7,9.5,9.2,90,1,66.1,High
6.0,7.1,7.6,15,3,60.0,High
6.8,6.9,7.8,30,2,58.7,High
4.8,8.5,7.8,15,7,65.5,High
6.3,9.3,5.6,30,5,72.8,Medium
6.6,8.8,6.8,90,8,88.8,Low
6.6,9.8,3.3,90,2,65.7,Medium
6.7,5.3,9.2,45,8,69.9,Low
6.9,7.0,1.0,15,7,78.2,Low
7.7,5.4,5.8,30,5,61.5,Low
8.2,6.7,8.9,15,2,57.5,High
6.1,9.7,2.6,90,10,100.0,Low
5.3,7.7,7.0,45,7,67.6,Medium
5.5,13.2,4.3,15,10,81.5,High
6.3,7.9,5.1,0,4,73.5,Medium
6.5,7.6,8.4,30,4,65.8,High
5.9,7.7,6.5,90,8,84.9,Low
5.2,6.1,1.0,30,6,79.0,Low
6.4,7.4,3.6,0,9,86.6,Low
7.3,10.0,8.4,0,2,54.0,High
7.8,7.8,7.1,15,5,69.0,Medium
6.2,5.8,10.4,60,6,59.4,Medium
6.4,5.5,10.2,90,8,71.4,Low
5.7,6.5,5.1,60,4,69.2,Medium
7.0,7.7,12.3,45,7,68.9,Medium
5.8,10.1,6.1,30,7,68.2,Medium
7.8,4.6,3.6,30,4,70.1,Low
4.5,6.8,4.4,30,1,51.5,High
6.5,7.8,1.0,45,3,88.1,Medium
7.4,3.5,10.0,15,2,42.7,Medium
7.3,5.7,10.0,30,3,55.6,High
10.8,6.0,3.5,0,5,90.9,Low
7.5,5.7,5.4,0,1,58.7,Medium
5.6,7.9,6.2,45,5,62.2,Medium
6.9,7.1,3.6,60,2,71.1,Medium
4.5,6.3,1.6,30,4,70.4,Medium
6.9,8.4,5.5,0,6,75.3,Medium
5.8,11.3,5.2,60,9,75.2,Medium
8.3,11.1,5.0,45,10,90.1,Low
6.2,3.3,6.6,15,6,54.1,Low
6.8,8.8,9.6,30,10,80.9,Medium
6.1,7.1,5.2,15,2,60.3,Medium
9.4,7.8,6.4,30,8,98.7,Low
6.6,6.6,7.8,60,5,68.3,Medium
9.6,7.8,7.4,0,9,91.4,Low
8.1,7.8,4.5,0,10,89.7,Low
7.7,6.2,6.2,0,9,80.6,Low
7.5,5.5,7.4,15,4,70.1,Medium
7.6,6.5,3.2,0,1,65.0,Medium
4.3,8.0,9.2,0,9,63.3,High
6.6,8.8,9.6,0,9,73.8,High
8.2,9.4,4.2,0,8,91.8,Medium
6.9,6.4,6.5,15,5,68.8,Medium
5.0,8.1,7.6,0,5,62.6,High
6.9,9.6,4.6,30,10,94.7,Low
9.4,10.1,7.2,30,6,81.2,Medium
8.7,7.4,6.4,0,1,64.0,High
6.9,7.0,2.3,30,9,91.3,Low
8.3,7.9,7.1,90,5,81.7,Low
6.5,5.0,3.2,60,7,80.6,Low
4.6,7.1,8.3,0,8,57.8,High
5.7,9.1,4.3,45,5,75.1,Medium
9.2,8.9,5.6,15,3,71.7,Medium
6.6,6.9,9.4,0,6,62.0,Medium
6.7,8.0,7.2,0,7,75.8,Medium
6.6,5.7,3.3,15,4,63.0,Medium
9.7,9.0,3.5,30,9,100.0,Low
9.3,7.3,4.5,30,4,74.4,Low
10.1,6.9,7.0,45,10,100.0,Low
6.8,6.7,6.9,0,2,57.4,High
7.4,7.4,3.9,15,9,93.8,Low
4.9,6.5,3.1,15,4,65.8,Medium
9.1,8.9,6.7,15,4,72.8,Medium
5.4,6.6,5.5,90,10,86.7,Low
7.3,11.0,11.4,45,1,43.2,High
5.5,10.7,6.1,90,2,64.9,High
6.2,5.5,10.5,30,3,53.4,High
5.8,7.7,3.1,15,7,81.5,Low
6.1,6.1,2.1,15,9,82.5,Low
6.2,6.8,3.2,30,5,74.1,Low
6.2,11.9,9.0,15,4,55.5,High
8.2,6.8,10.4,45,2,59.6,High
5.5,8.3,4.0,30,7,79.9,Medium
7.3,8.7,4.8,0,6,76.4,Medium
8.7,5.3,3.1,45,7,82.3,Low
6.3,5.6,1.5,60,8,88.5,Low
6.0,4.8,7.8,15,9,66.4,Low
6.7,5.6,6.6,30,10,79.4,Low
8.7,1.2,6.0,0,5,59.0,Low
7.3,8.7,2.5,30,5,90.6,Medium
6.3,12.0,10.1,0,4,47.3,High
7.7,7.8,4.7,0,3,72.9,Medium
5.5,4.4,7.3,30,7,61.1,Low
8.0,6.1,2.4,15,5,80.3,Low
7.6,6.5,5.5,45,7,86.9,Low
6.6,5.3,6.7,60,2,58.9,Medium
5.8,9.4,6.8,0,9,77.8,Medium
5.8,9.3,6.4,45,9,86.1,Medium
7.7,5.0,7.2,30,9,80.1,Low
8.7,9.1,3.2,0,5,84.1,Medium
6.1,10.9,6.5,30,10,83.3,Medium
7.6,11.7,6.3,30,9,79.5,Medium
4.1,13.8,6.6,30,1,35.0,High
6.2,5.5,6.2,60,2,54.7,Medium
7.0,13.7,2.8,30,10,85.6,Medium
5.7,6.7,2.7,90,5,76.4,Low
5.7,6.2,1.0,30,5,70.3,Low
6.1,8.2,8.0,0,6,62.4,High
7.4,6.2,8.1,30,8,66.1,Low
6.7,8.4,8.1,0,1,52.6,High
3.9,4.6,6.8,30,10,66.8,Low
4.0,7.0,1.0,30,9,88.3,Low
6.2,10.3,3.4,30,4,66.8,High
7.6,7.4,6.4,0,8,82.7,Low
3.5,7.8,6.3,30,5,56.4,High
6.3,8.5,5.4,0,1,59.5,High
6.3,10.1,6.9,30,9,71.3,Medium
8.9,3.9,6.0,45,8,80.7,Low
6.5,8.8,6.3,90,5,76.1,Medium
7.5,6.9,4.4,0,4,74.2,Medium
7.2,7.9,8.5,30,8,82.0,Medium
4.0,9.8,4.9,30,9,79.8,Medium
8.1,4.9,2.7,60,7,80.2,Low
7.3,5.3,4.1,30,4,75.6,Low
7.7,3.2,5.1,0,7,64.8,Low
11.0,6.3,8.5,15,6,87.9,Low
4.1,10.4,5.9,30,3,61.3,High
9.4,7.2,5.5,45,10,100.0,Low
6.6,4.6,2.9,60,3,64.6,Low
7.4,6.4,8.0,0,1,45.5,High
6.9,4.2,4.4,90,5,71.4,Low
6.4,5.0,5.7,0,8,72.7,Low
6.2,8.4,9.7,90,6,67.7,Medium
7.5,4.9,7.3,60,8,70.1,Low
4.9,9.9,1.9,30,7,83.8,Medium
8.1,7.3,1.6,45,2,78.0,Low
6.4,7.7,5.8,0,8,82.0,Low
5.4,6.9,3.0,0,4,69.2,Medium
6.4,9.2,7.6,0,5,63.5,High
8.8,9.2,6.1,0,8,89.0,Low
6.3,8.2,6.4,30,5,76.7,High
7.5,8.7,4.2,0,5,79.7,Medium
6.0,7.0,10.4,60,6,66.9,Medium
8.1,8.7,13.1,15,7,66.5,High
8.0,6.8,5.3,30,9,88.2,Low
9.6,7.5,6.9,30,7,89.3,Low
6.8,6.9,6.2,15,6,72.7,Medium
7.9,6.5,5.4,0,10,90.1,Low
7.1,6.0,3.9,15,4,71.0,Low
8.8,8.5,3.3,45,10,100.0,Low
6.0,10.4,3.2,30,2,68.2,High
8.0,10.1,7.0,0,9,79.5,Medium
6.7,4.7,4.7,45,10,86.5,Low
6.9,10.3,1.0,0,5,81.1,Medium
7.1,6.8,7.1,30,5,64.9,Medium
7.4,8.8,5.9,15,3,73.3,High
6.8,5.5,9.4,45,3,53.4,Medium
7.3,7.8,6.9,60,1,60.1,Medium
9.2,8.2,2.3,45,5,94.4,Low
8.4,4.2,1.0,15,3,69.7,Low
8.2,8.8,4.2,0,2,67.3,High
6.4,10.5,4.4,45,9,83.8,Low
5.8,7.1,8.4,30,10,77.0,Medium
8.3,10.5,6.0,0,6,80.4,High
8.2,7.1,8.8,45,3,65.9,Medium
9.1,9.4,2.7,0,7,92.4,Low
6.2,2.6,8.4,0,9,57.0,Low
6.7,12.8,7.8,60,9,77.1,Medium
4.7,10.8,1.0,30,1,59.8,High
6.5,6.9,9.3,0,2,48.0,High
8.4,3.2,6.2,45,8,79.9,Low
6.3,8.1,7.0,60,1,56.4,High
7.9,4.3,3.8,0,3,68.2,Low
6.7,8.5,9.2,30,7,60.4,Medium
7.5,8.4,3.0,45,8,94.7,Low
5.4,5.4,8.1,0,5,57.5,High
7.1,10.0,8.1,30,2,61.4,High
3.5,9.3,3.6,0,3,55.1,High
6.7,9.6,11.0,45,9,69.4,Medium
4.7,7.5,6.6,45,10,80.0,Medium
8.7,4.4,7.6,0,7,80.3,Low
8.1,9.7,2.2,45,1,77.3,Medium
7.7,6.9,11.3,45,3,49.8,High
9.1,4.4,2.9,15,9,91.7,Low
5.7,10.5,8.6,30,7,62.3,High
9.4,12.1,3.5,0,2,64.5,High
8.3,7.4,4.5,60,6,90.8,Low
6.7,12.3,8.0,30,9,69.1,High
8.6,7.7,8.6,30,4,77.0,Medium
5.5,6.7,2.8,30,10,94.5,Low
5.8,6.1,8.7,30,2,45.2,High
6.1,11.1,8.6,60,3,52.6,High
6.3,5.8,3.7,30,7,80.4,Low
5.5,9.1,10.0,60,4,61.2,High
8.7,6.3,2.4,30,7,91.1,Low
6.6,6.5,4.4,0,5,73.3,Low
7.5,9.8,7.2,60,8,90.2,Medium
6.2,6.7,3.9,30,8,84.1,Low
4.5,6.6,6.7,30,5,54.9,Medium
7.4,10.0,6.6,90,7,87.6,Medium
4.3,11.0,5.5,0,6,59.7,High
6.9,8.9,8.1,15,8,74.1,Medium
5.1,6.1,5.4,0,9,75.5,Low
9.8,6.4,6.6,30,5,84.7,Low
8.3,7.7,8.9,45,7,80.9,Medium
7.1,8.2,8.0,90,1,55.1,High
8.8,5.3,8.0,30,8,79.2,Low
5.8,9.1,3.1,45,3,71.5,High
7.8,7.7,7.3,60,1,75.1,Medium
7.3,3.7,3.8,30,6,72.5,Low
7.4,5.5,2.8,0,8,82.5,Low
8.8,6.4,5.8,30,3,74.3,Medium
8.0,7.3,3.7,90,1,75.6,Low
7.4,11.7,8.0,90,3,62.1,High
4.7,8.0,8.0,30,5,54.4,High
5.7,5.7,1.2,60,8,85.6,Low
6.8,8.0,3.9,0,9,81.1,Low
7.1,6.7,2.4,0,9,90.9,Low
5.4,8.2,4.8,90,4,75.9,Medium
10.4,8.8,7.1,0,8,93.1,Low
9.1,10.2,5.4,0,5,72.9,Medium
7.8,7.4,4.5,15,3,66.2,Medium
7.1,11.1,9.3,30,5,69.2,High
6.7,9.5,1.0,30,2,73.4,Medium
5.7,5.9,9.1,0,6,58.2,Medium
7.1,12.4,4.6,60,1,61.3,High
7.4,8.2,5.8,60,6,86.4,Medium
5.3,5.7,4.7,15,5,63.7,Medium
7.5,11.1,9.9,15,9,68.9,Medium
6.8,12.1,2.9,45,7,84.1,Medium
4.3,7.4,6.0,30,6,66.8,Medium
5.8,6.4,7.3,15,7,60.1,Medium
6.4,7.1,2.0,15,10,95.3,Low
9.6,9.1,3.7,15,5,85.7,Medium
7.8,10.3,5.6,0,1,55.6,High
5.1,8.8,3.8,30,9,88.0,Low
7.7,7.7,4.0,30,5,81.6,Low
4.8,10.8,5.1,45,4,61.2,High
8.5,6.8,7.6,45,6,78.7,Low
6.3,9.8,5.1,15,5,69.0,High
6.9,6.9,8.7,45,1,53.1,High
8.9,8.4,3.5,0,2,80.8,Medium
5.2,7.3,2.9,30,4,67.5,Medium
5.0,7.4,10.8,45,8,57.6,Medium
6.2,6.7,4.4,30,5,72.1,Medium
8.5,10.5,2.7,30,7,86.9,Low
4.9,5.9,1.6,30,2,57.3,Medium
3.5,5.9,8.7,60,8,61.0,Medium
6.4,12.2,5.1,30,5,67.5,High
7.8,9.7,5.4,45,4,74.2,Medium
8.7,2.3,5.6,90,9,83.7,Low
6.4,6.3,8.5,45,6,65.4,Low
6.4,3.5,5.6,30,4,56.7,Low
8.6,5.4,11.9,0,8,64.9,Medium
4.4,1.0,6.3,15,3,27.5,Medium
6.5,7.2,8.7,30,10,83.3,Low
7.3,5.0,8.0,45,2,48.5,Medium
7.6,7.6,5.9,15,7,78.4,Low
6.3,3.9,4.5,90,4,61.2,Low
7.0,7.7,6.8,0,4,66.1,Medium
3.5,6.6,7.3,45,10,68.5,Medium
6.1,10.8,4.6,15,9,79.6,Medium
7.6,10.6,6.4,30,2,58.6,High
5.6,9.2,9.1,45,1,44.0,High
7.1,6.8,11.2,0,7,51.7,Medium
7.6,11.9,8.1,0,8,68.1,Medium
6.5,4.1,10.7,30,3,38.3,Medium
7.2,4.4,4.4,30,2,61.5,Low
5.7,7.3,7.8,45,4,70.1,High
6.7,12.5,9.3,90,2,61.3,High
7.9,7.1,3.8,0,2,68.0,Medium
7.2,7.1,4.8,30,5,72.9,Low
6.2,4.3,10.3,30,10,58.2,Low
7.3,9.6,3.6,90,5,84.3,Low
8.0,9.6,2.6,60,8,93.8,Low
4.1,9.2,9.8,45,9,63.1,High
8.6,6.1,9.0,30,2,52.1,Medium
6.5,5.9,7.1,0,1,50.5,High
7.6,4.7,5.9,15,3,61.6,Low
8.7,7.7,4.9,30,6,83.2,Low
5.1,5.1,6.7,45,5,62.1,Medium
6.0,4.9,9.9,30,8,61.8,Low
6.6,6.6,6.6,45,8,81.2,Low
5.9,6.4,11.4,15,2,44.0,High
9.4,6.3,3.8,45,9,100.0,Low
5.8,8.5,6.0,0,4,59.2,High
6.2,7.7,5.1,0,1,61.0,High
7.3,6.9,3.3,0,2,69.6,Medium
5.3,7.9,5.6,60,6,78.7,Medium
6.4,5.3,7.0,0,5,53.2,Medium
7.4,7.7,7.3,45,7,74.7,Medium
6.5,7.8,11.4,0,9,74.3,Medium
6.9,4.2,7.2,30,6,60.8,Low
6.3,9.7,8.9,60,6,69.3,High
4.9,5.6,6.2,30,2,54.1,High
7.5,7.7,10.2,0,7,75.0,High
9.5,10.1,12.0,0,2,55.0,High
7.0,9.5,7.3,60,7,76.6,Medium
7.3,7.6,3.5,15,8,88.0,Low
8.0,6.7,4.6,30,1,67.3,Medium
5.2,9.6,6.7,30,9,76.3,Medium
9.4,9.0,7.1,15,8,84.8,Medium
7.3,6.1,7.7,0,9,64.9,Low
9.3,5.8,7.2,30,5,71.7,Low
6.0,2.9,6.0,45,4,53.4,Low
9.5,7.8,4.4,0,1,72.1,Medium
8.1,7.3,7.0,45,9,96.2,Low
7.8,10.0,10.6,60,4,67.3,High
7.3,8.3,8.5,60,4,67.8,Medium
6.7,10.4,7.3,0,4,61.1,High
8.7,6.0,8.6,15,2,47.3,Medium
7.2,10.0,5.1,60,4,79.3,Medium
4.2,6.3,4.7,0,2,46.9,High
5.4,9.2,4.1,0,8,77.8,Medium
6.7,4.3,5.7,60,7,73.5,Low
7.4,8.0,4.9,15,10,97.7,Low
6.9,3.1,9.0,15,2,39.7,Medium
8.7,6.9,4.8,15,2,73.4,Low
4.3,8.5,4.0,45,2,61.8,High
7.2,6.4,10.9,15,1,44.7,High
4.5,5.2,4.9,60,6,65.6,Low
8.1,9.4,6.4,30,6,76.8,Medium
6.9,7.3,7.1,30,1,56.3,High
7.6,6.4,3.2,15,1,63.5,Medium
5.8,7.6,9.1,0,6,62.6,High
8.8,13.3,7.6,30,6,66.3,Medium
8.5,10.0,9.9,15,4,62.6,High
7.8,10.1,4.3,60,3,81.4,Medium
6.8,8.5,6.2,30,9,83.7,Low
7.8,7.9,6.1,30,6,82.6,Low
6.0,2.2,6.7,15,1,28.0,Medium
8.2,6.0,2.4,45,3,71.8,Low
9.3,6.4,6.3,15,1,63.6,Medium
8.5,3.4,2.4,0,3,66.0,Low
6.0,5.0,6.9,60,2,53.8,Medium
7.5,3.1,1.0,30,5,83.6,Low
5.2,7.4,1.4,30,3,68.8,Medium
7.8,9.3,8.0,30,7,77.3,Medium
7.6,9.9,4.6,45,8,85.6,Low
4.4,8.4,3.5,15,7,77.6,Medium
5.4,5.4,9.2,0,2,35.1,High
6.6,3.2,6.8,45,10,72.0,Low
6.6,3.6,8.2,0,10,63.6,Low
5.3,4.7,5.6,45,7,70.7,Low
7.5,5.5,12.7,0,10,65.8,Medium
7.4,7.1,4.5,15,3,70.6,Medium
6.7,5.3,10.4,0,7,56.8,Medium
5.9,8.2,5.8,30,1,62.7,High
8.5,7.0,1.9,30,2,78.0,Low
9.3,7.5,7.2,0,10,100.0,Low
6.3,10.0,6.8,15,1,56.7,High
6.1,4.9,3.4,60,9,79.0,Low
7.7,8.4,3.7,15,2,74.0,Medium
6.5,7.5,5.9,45,2,69.0,Medium
6.8,6.8,6.9,60,6,73.4,Low
8.0,9.4,1.0,90,7,100.0,Low
4.3,9.4,8.6,60,2,42.9,High
8.8,5.4,4.8,15,4,68.5,Low
7.1,7.1,2.7,90,3,80.5,Low
6.4,8.1,8.4,45,5,62.7,High
6.9,6.9,5.9,45,9,86.3,Low
6.9,8.8,9.0,0,2,55.0,High
4.6,8.1,7.1,90,5,65.8,Medium
9.1,11.5,6.0,45,8,82.4,Low
7.1,4.1,5.6,45,6,63.3,Low
7.6,7.2,7.2,0,4,70.1,Medium
8.3,5.5,5.0,0,10,80.7,Low
5.6,8.8,3.9,90,8,90.8,Low
7.7,3.9,7.5,30,3,60.6,Low
6.6,8.3,5.6,15,4,64.9,Medium
8.2,6.1,6.1,45,9,85.0,Low
4.0,5.9,8.7,0,5,47.2,High
6.9,4.3,5.7,15,6,66.7,Low
6.2,6.5,6.0,15,2,54.0,High
7.6,9.9,4.5,15,9,87.2,Low
7.7,7.4,7.1,15,8,81.5,Medium
6.0,8.9,6.9,0,7,68.2,Medium
6.0,11.2,8.3,0,9,66.7,High
6.8,8.1,4.6,30,5,85.3,Medium
5.7,6.3,4.9,60,5,75.0,Low
8.2,8.5,8.0,30,9,91.0,Low
6.5,6.3,6.6,0,5,61.5,Medium
3.5,6.4,3.7,0,9,64.4,Medium
6.5,4.2,9.3,45,1,52.2,High
5.5,9.5,1.8,90,10,97.0,Low
4.7,6.7,8.0,15,10,72.4,Medium
5.3,7.9,2.8,0,8,85.1,Medium
7.2,5.2,10.7,30,3,46.9,Medium
8.9,8.5,2.1,45,8,100.0,Low
7.4,5.8,8.9,30,5,62.8,Low
6.2,7.2,5.8,30,2,59.2,High
7.6,9.4,5.1,45,9,89.1,Low
6.4,9.2,6.5,90,4,68.8,Medium
6.0,7.5,7.6,0,7,60.9,Medium
5.4,3.6,3.7,90,8,89.0,Low
4.5,14.0,4.0,15,7,68.5,High
6.5,11.3,7.6,45,6,67.8,High
7.2,9.1,1.7,30,7,97.0,Low
6.9,5.8,4.5,30,4,74.3,Low
6.4,7.3,13.6,30,10,69.9,High
5.7,6.3,3.6,15,1,54.8,High
7.9,10.3,8.9,0,5,67.5,High
5.2,8.1,4.5,30,8,84.6,Medium
8.1,5.8,7.3,30,10,88.7,Low
5.6,6.5,7.6,0,6,59.3,Medium
5.9,10.0,8.8,60,5,64.6,High
4.9,11.0,5.5,0,2,49.8,High
6.3,10.9,11.0,15,10,66.6,High
8.4,9.2,4.5,0,5,79.9,Medium
7.7,6.9,6.6,30,10,94.0,Low
8.4,1.0,6.6,15,3,56.1,Low
7.7,8.2,3.2,30,2,76.8,Medium
5.5,7.5,5.3,0,3,58.7,High
6.5,7.8,6.4,0,4,68.1,High
5.9,7.6,4.9,45,2,60.8,Medium
8.9,4.6,12.1,30,4,52.4,Medium
5.3,8.7,3.9,15,4,72.2,High
8.3,8.9,8.9,0,6,78.3,Medium
8.3,9.0,8.1,60,5,81.0,Medium
9.6,9.6,6.0,0,7,84.8,Medium
6.4,8.8,3.8,60,7,77.6,Low
8.0,6.6,4.1,30,3,76.3,Low
10.2,7.3,4.7,15,9,100.0,Low
6.1,7.7,1.5,45,7,92.1,Low
4.9,7.7,3.5,60,7,76.1,Low
4.4,9.7,2.3,15,2,57.8,High
8.0,8.9,9.4,15,10,90.4,Medium
4.4,12.1,7.5,15,3,40.4,High
6.5,12.4,8.0,60,3,58.6,High
7.6,7.7,7.5,30,6,73.3,Medium
7.3,1.0,6.4,0,4,49.5,Low
7.6,10.2,9.7,0,4,56.3,High
7.3,6.3,4.5,0,1,63.4,Medium
8.8,5.7,6.3,0,6,74.4,Low
5.7,6.6,7.9,0,8,70.9,Medium
6.1,6.5,2.7,30,8,93.2,Low
5.9,8.8,13.7,0,8,59.8,High
8.2,4.1,6.1,15,5,68.4,Low
8.3,5.1,6.4,30,10,91.1,Low
7.6,8.3,9.1,0,6,71.0,High
8.7,8.9,8.3,0,5,68.3,High
5.4,8.9,6.1,0,4,56.5,High
9.3,5.8,6.3,0,4,72.9,Low
9.1,5.3,2.2,45,4,80.8,Low
8.0,6.4,4.6,30,4,71.6,Low
9.5,8.0,7.3,0,6,80.7,Medium
4.7,10.8,7.1,15,6,52.0,High
6.3,3.0,9.1,0,5,43.3,Medium
6.0,7.0,5.7,30,9,78.6,Low
8.0,4.6,2.5,30,8,97.0,Low
5.5,3.9,8.6,30,10,69.2,Low
8.1,9.6,9.6,15,6,67.0,High
8.9,8.7,8.2,0,9,81.9,Low
8.0,8.5,5.6,45,5,71.0,Medium
7.4,9.5,8.6,60,10,80.7,Low
5.6,6.4,14.0,60,4,38.3,High
5.8,6.5,6.3,0,6,60.7,Medium
8.7,12.3,2.7,45,4,80.0,Medium
8.1,7.0,4.5,45,8,90.7,Low
6.9,9.1,7.6,60,7,74.7,Medium
6.4,7.5,2.0,0,5,77.4,Medium
4.2,3.4,6.4,45,10,61.0,Low
5.5,3.0,7.0,0,6,53.0,Medium
9.7,6.2,9.8,30,7,80.4,Low
5.2,9.8,9.3,15,2,46.6,High
7.3,9.2,8.2,45,9,87.2,Medium
8.4,9.5,1.0,60,7,93.9,Low
5.2,5.3,8.3,15,8,62.0,Medium
7.3,11.1,7.8,30,5,61.7,High
8.3,5.4,6.6,0,3,56.4,Medium
7.0,8.0,1.7,15,2,68.7,Medium
11.0,7.5,4.1,15,2,92.8,Low
4.7,7.1,3.1,0,3,64.1,High
8.5,10.4,1.0,60,1,85.9,Medium
6.8,5.9,6.0,0,1,53.0,Medium
8.1,4.5,4.0,30,7,77.0,Low
7.6,7.5,12.6,60,10,81.6,Low
6.0,6.6,5.6,60,8,90.3,Low
7.3,14.0,9.2,45,6,63.2,High
4.4,9.0,2.1,0,7,74.8,Medium
7.8,6.6,4.7,45,1,67.3,Medium
7.4,5.2,6.2,0,1,55.9,High
7.9,3.4,3.7,60,9,86.8,Low
8.5,5.2,4.9,45,5,76.6,Low
7.5,7.8,5.5,45,7,83.1,Low
7.2,10.6,5.4,0,6,73.2,High
5.8,10.0,10.6,30,4,46.4,High
6.0,8.0,6.9,45,1,56.2,High
8.7,6.8,7.2,60,4,75.0,Low
9.0,8.1,7.3,0,10,87.8,Low
6.7,6.4,7.5,60,10,84.7,Low
7.1,11.3,5.8,0,8,79.2,High
5.7,7.1,5.2,30,1,62.1,High
8.6,7.3,6.4,30,2,67.8,Medium
7.9,2.6,8.9,0,8,59.4,Low
9.7,7.1,8.8,0,2,62.0,Medium
5.8,9.3,5.4,45,10,89.4,Low
6.5,5.2,7.9,15,9,68.4,Low
7.3,5.8,5.5,0,3,58.4,Medium
7.9,9.2,6.1,45,3,72.4,Medium
6.7,4.3,4.8,45,6,72.7,Low
5.8,9.8,5.5,30,3,62.3,High
8.2,6.3,9.4,0,9,76.0,Low
8.0,6.6,6.2,0,8,78.5,Low
5.7,5.0,6.3,45,4,58.7,Medium
8.9,8.3,2.4,30,6,84.7,Low
8.6,12.9,5.2,30,8,89.4,Medium
7.2,9.2,5.4,45,4,74.1,Medium
7.1,5.6,3.9,15,5,80.1,Low
7.8,10.0,6.1,0,7,82.0,Medium
5.8,6.8,4.9,60,8,79.2,Low
7.0,10.5,6.2,30,7,74.4,High
4.0,9.3,6.3,30,8,64.8,Medium
8.2,1.0,3.6,60,4,62.4,Low
4.8,5.3,5.0,60,1,45.0,High
9.1,9.6,6.2,30,6,79.2,Low
6.5,7.8,9.0,0,5,57.3,High
6.7,5.2,6.6,90,4,71.2,Low
6.1,6.1,4.3,30,2,53.9,Medium
6.6,3.3,7.0,15,1,51.2,Medium
9.0,7.3,10.3,30,9,81.7,Low
3.5,12.4,8.3,15,2,40.5,High
8.8,9.3,7.4,60,9,88.5,Low
7.5,12.3,7.8,30,6,70.2,High
5.3,9.4,9.6,45,6,55.5,High
5.5,9.8,8.7,45,2,44.9,High
9.3,11.8,7.4,45,6,82.4,Medium
5.7,8.3,8.7,45,3,57.3,High
5.4,7.1,3.3,60,7,81.8,Low
8.6,9.8,2.2,15,10,97.5,Low
7.5,10.7,6.4,0,4,60.4,High
5.7,6.4,6.2,45,9,72.7,Low
7.3,5.9,4.6,30,5,71.3,Low
5.6,7.8,8.1,0,10,77.1,Low
8.5,9.3,1.3,0,3,80.6,Medium
8.5,9.3,4.7,0,1,65.7,High
7.7,4.4,4.8,45,1,50.7,Low
7.5,11.7,1.9,45,4,79.2,Medium
9.5,6.1,9.7,0,10,81.3,Low
7.0,6.9,2.6,45,10,94.8,Low
5.3,5.5,4.5,0,4,52.8,Medium
7.6,13.4,8.3,45,9,78.1,Medium
9.9,8.0,7.6,30,8,83.7,Low
5.6,5.6,3.2,45,4,62.8,Low
6.5,9.4,7.7,15,6,68.0,High
7.6,9.2,6.7,15,7,75.8,Medium
6.9,7.1,11.8,45,10,76.7,Medium
5.6,9.3,7.0,0,8,70.8,High
8.6,5.7,5.6,90,4,76.6,Low
10.2,6.4,3.9,30,1,68.7,Low
7.3,3.1,4.1,15,5,67.5,Low
5.7,4.6,3.9,30,1,51.4,Medium
4.8,11.5,9.4,0,4,38.7,High
7.4,11.1,6.0,30,7,68.4,High
8.5,7.6,7.4,90,7,91.0,Low
7.7,11.2,9.8,0,1,43.1,High
7.0,7.1,1.0,45,9,94.8,Low
6.2,7.0,9.2,15,2,54.2,High
5.5,7.6,6.1,30,5,60.1,Medium
8.2,7.2,7.1,0,6,73.4,Medium
8.3,7.0,3.9,30,1,72.5,Medium
4.8,10.0,4.1,90,2,66.3,High
9.2,7.8,7.2,0,7,77.9,Medium
7.8,9.1,12.0,30,6,69.5,High
9.0,9.8,8.5,30,6,82.0,Medium
5.1,8.4,9.2,30,6,65.9,High
5.1,5.4,5.5,30,7,63.8,Low
6.8,4.5,4.5,30,10,82.5,Low
7.7,7.8,4.0,0,9,96.5,Low
9.5,7.1,4.8,60,9,100.0,Low
8.0,7.7,1.0,45,2,80.2,Low
6.7,7.5,4.2,0,2,62.8,High
5.6,13.2,4.6,15,5,54.7,High
8.7,4.6,5.6,45,10,94.9,Low
5.6,3.1,6.3,90,7,66.9,Low
9.3,8.2,6.9,90,3,89.1,Low
6.6,6.7,6.0,60,3,59.3,Medium
9.2,8.2,4.5,0,4,76.6,Medium
8.0,8.8,1.1,60,3,86.5,Low
6.8,10.3,4.6,60,3,79.2,High
6.3,4.2,3.6,15,8,75.0,Low
6.5,6.3,7.2,15,7,66.5,Medium
7.6,8.4,8.3,30,7,77.3,Medium
7.1,9.2,8.3,30,10,80.5,Medium
6.2,12.3,7.9,0,2,49.1,High
6.8,9.6,5.7,0,9,84.5,Medium
7.1,7.4,4.7,0,6,83.0,Medium
4.0,5.5,4.1,15,3,45.5,High
7.6,6.3,2.2,0,9,83.9,Low
5.6,6.2,8.5,45,9,71.4,Low
5.4,8.9,5.6,0,6,70.8,High
4.6,8.1,2.9,60,10,96.5,Low
4.5,4.6,3.9,60,6,67.7,Low
5.1,6.5,3.8,60,8,84.8,Low
6.0,9.4,6.1,45,8,85.4,Medium
9.7,8.3,8.7,0,6,75.0,Low
6.3,8.8,5.1,15,7,83.4,Medium
7.2,8.3,1.0,0,4,87.0,Low
7.6,11.1,5.5,90,1,64.4,High
7.2,8.0,5.6,15,4,68.1,Medium
6.9,6.7,5.4,30,8,84.8,Low
5.3,5.5,4.4,45,8,84.0,Low
9.0,8.0,6.5,60,2,72.3,Medium
9.5,2.1,6.2,45,7,82.6,Low
4.6,7.1,5.9,30,1,46.3,High
5.6,7.0,7.0,30,2,53.4,High
6.6,4.5,4.9,30,8,70.7,Low
5.6,5.5,4.8,0,10,79.1,Low
7.7,9.3,9.5,60,4,67.3,High
6.0,8.0,7.4,30,3,61.3,High
10.0,7.7,8.1,0,2,65.2,High
8.7,8.2,9.1,60,6,78.6,Medium
7.3,7.7,7.3,30,4,68.6,High
8.4,10.2,8.3,60,3,66.5,High
8.5,7.8,2.1,60,3,87.1,Low
6.2,4.3,6.5,45,10,71.2,Low
5.9,11.1,5.5,0,3,47.1,High
7.1,8.3,10.2,0,8,71.8,Medium
8.2,6.2,8.3,60,9,86.5,Low
7.2,4.7,4.4,60,9,87.1,Low
4.8,8.4,6.9,30,5,65.3,High
5.9,7.2,6.4,15,1,50.8,High
6.9,11.0,7.1,0,10,76.9,Medium
6.9,6.7,3.5,90,5,82.0,Low
9.8,5.7,6.9,0,1,53.5,Medium
5.1,9.5,5.4,0,9,77.5,Medium
7.7,9.5,6.7,30,10,92.2,Low
9.1,7.9,4.2,0,8,97.4,Low
10.2,9.0,4.5,60,7,98.2,Low
6.4,7.4,8.9,0,2,47.6,High
7.7,8.0,3.4,0,2,69.3,High
7.8,10.1,3.6,30,4,74.7,Medium
7.3,8.9,5.9,30,9,79.4,Medium
6.9,7.1,4.1,0,9,87.1,Low
7.6,10.5,3.8,30,8,90.9,Low
3.5,2.3,6.3,15,5,42.3,Medium
8.0,12.0,2.2,60,7,90.5,Medium
7.2,3.7,3.5,0,9,75.9,Low
6.7,6.1,11.1,90,3,59.0,High
9.9,7.4,7.1,30,4,78.5,Medium
6.1,7.2,4.1,0,2,55.8,Medium
6.4,9.7,7.0,0,9,81.3,Medium
9.8,5.2,7.4,30,7,83.3,Low
5.8,8.1,8.5,0,6,70.1,High
6.2,6.2,5.7,15,5,70.1,Medium
6.8,8.1,8.4,0,7,68.4,High
8.2,7.4,1.0,30,3,83.0,Low
7.3,7.7,3.4,30,5,85.8,Medium
5.2,6.3,6.4,0,2,43.9,High
6.3,6.4,6.8,30,5,72.0,Medium
6.1,8.1,3.7,45,7,86.4,Low
6.9,9.6,6.6,0,10,85.7,Medium
7.6,6.2,4.4,60,7,87.2,Low
7.6,5.6,5.3,30,9,85.0,Low
4.5,8.8,8.6,90,3,56.3,High
8.5,7.4,8.3,0,8,79.0,Low
7.4,9.3,3.5,90,5,76.6,Low
8.9,5.5,3.4,30,7,90.3,Low
7.6,3.6,5.0,30,1,62.6,Low
8.5,6.3,5.9,30,1,60.0,Medium
7.7,5.8,4.4,0,4,62.6,Low
8.9,7.3,8.6,60,5,83.8,Low
7.7,6.1,6.9,30,10,87.4,Low
6.9,9.1,7.0,0,3,63.6,High
10.2,6.9,2.8,0,6,94.2,Low
8.2,7.8,8.9,0,3,58.3,Medium
7.8,7.8,1.0,30,5,93.7,Low
5.2,7.9,8.1,30,1,47.5,High
5.2,7.4,8.3,30,3,50.5,High
7.4,8.6,4.9,15,7,85.4,Low
7.2,5.7,9.2,30,3,55.2,Medium
6.1,10.6,5.8,30,5,68.4,High
7.2,7.0,6.2,0,7,76.7,Medium
9.2,4.6,6.8,0,2,61.8,Low
8.0,7.9,14.0,0,3,54.0,High
5.4,5.6,9.4,60,4,54.0,Medium
6.8,9.0,7.8,45,5,75.2,Medium
5.9,12.4,3.7,90,9,91.9,Medium
6.5,5.8,6.4,15,9,79.4,Low
6.4,8.2,4.0,60,4,75.2,Medium
6.3,3.6,8.1,30,9,70.5,Low
5.2,8.5,6.4,30,4,64.3,High
6.8,5.6,3.2,0,2,55.5,Medium
6.2,6.1,6.2,45,10,78.6,Low
3.5,5.1,3.9,60,1,43.4,Medium
9.9,9.1,6.4,0,7,81.5,Low
8.5,9.7,3.9,0,4,71.8,Medium
6.5,7.6,6.1,30,8,84.5,Medium
7.0,5.6,7.9,90,8,80.0,Low
5.4,11.0,5.9,45,8,77.7,High
9.4,5.8,5.0,0,6,75.7,Low
9.7,2.7,6.5,15,9,73.5,Low
7.2,8.5,7.7,15,4,62.1,High
8.4,5.1,3.2,60,5,85.2,Low
7.2,9.7,6.7,45,4,72.2,Medium
5.1,6.7,9.3,30,5,54.3,High
6.4,8.8,7.4,0,2,55.7,High
7.2,10.6,6.1,60,5,71.8,Medium
6.4,4.8,7.6,30,10,72.1,Low
6.7,6.3,7.1,90,8,84.1,Low
6.9,7.3,7.9,30,9,83.2,Low
6.9,10.9,1.0,45,7,96.6,Low
7.1,6.1,2.1,45,7,83.6,Low
5.5,6.2,8.5,15,6,54.3,High
6.0,8.6,2.2,90,2,74.7,Medium
5.2,6.2,7.0,0,10,74.9,Medium
8.4,7.8,5.1,45,10,100.0,Low
4.1,4.1,3.5,90,9,78.3,Low
8.6,12.4,6.9,15,5,65.2,High
8.9,4.5,6.5,30,6,69.5,Low
6.6,6.8,11.3,30,1,41.4,High
3.5,7.4,4.4,45,5,65.9,Medium
6.5,11.7,9.6,60,6,66.2,High
6.9,4.6,6.9,30,10,79.0,Low
5.6,11.9,4.3,45,2,55.1,High
6.3,9.2,8.0,15,7,64.2,High
9.1,8.4,7.4,0,4,75.0,Medium
7.9,5.3,6.1,15,5,66.3,Low
5.7,8.8,6.7,30,3,58.2,High
4.8,5.9,4.5,0,5,56.1,Medium
6.5,10.3,3.9,30,4,64.2,Medium
6.7,5.4,7.9,15,10,82.1,Low
7.7,7.3,5.4,45,6,79.5,Low
6.3,6.3,5.8,0,2,46.6,High
7.7,5.3,6.7,30,3,62.2,Medium
9.7,9.1,6.7,30,10,97.3,Low
8.1,8.7,2.4,60,1,70.2,Medium
6.9,10.2,9.2,45,7,74.9,High
6.7,3.6,6.3,45,9,77.0,Low
6.5,9.8,5.5,60,2,67.9,High
8.7,13.0,7.1,30,7,76.5,Medium
6.1,6.5,6.6,0,3,50.3,High
7.1,11.7,7.9,60,5,66.5,High
7.1,6.9,7.3,45,6,71.9,Medium
6.3,4.5,7.8,15,8,62.4,Low
5.1,6.8,9.4,45,4,60.4,Medium
7.5,9.8,8.2,60,2,57.8,High
6.9,5.7,5.6,90,3,67.4,Low
7.7,6.2,3.2,90,8,96.2,Low
6.3,8.8,10.2,15,7,66.3,High
8.7,7.5,5.4,15,6,90.0,Low
5.8,8.8,4.8,0,5,67.4,High
9.4,8.0,1.7,0,5,93.0,Low
4.6,8.6,6.8,60,1,48.1,High
7.6,6.5,6.4,15,6,75.7,Low
7.7,8.0,2.2,30,9,100.0,Low
5.9,5.5,7.1,30,8,68.2,Low
7.6,10.3,4.8,45,10,96.8,Low
8.8,6.1,12.7,0,1,37.8,High
3.9,10.0,4.6,15,6,62.2,High
7.7,7.0,4.9,15,3,68.2,Medium
3.5,7.9,3.8,15,6,69.1,High
5.6,6.4,9.2,90,9,75.8,Low
9.3,5.3,5.1,45,6,87.8,Low
6.2,3.7,4.2,30,8,70.9,Low
5.4,5.2,7.8,60,6,65.3,Medium
6.7,6.8,2.5,15,6,81.0,Low
9.9,8.0,7.6,45,7,86.4,Low
4.4,9.7,10.5,0,10,53.5,High
5.5,6.5,7.4,45,4,60.1,Medium
9.1,5.6,7.6,30,8,79.1,Low
9.6,4.3,8.2,0,4,63.2,Low
6.9,8.6,10.3,0,7,60.5,High
5.3,10.5,9.0,15,1,43.3,High
9.9,10.3,7.1,45,9,100.0,Low
9.2,9.1,8.3,0,10,87.4,Low
8.0,8.9,3.8,30,9,87.5,Low
5.9,11.2,7.9,45,7,67.4,High
6.9,8.2,3.5,30,8,87.2,Low
6.8,8.9,5.1,45,2,63.0,Medium
7.5,6.8,1.0,0,10,97.6,Low
9.0,4.5,7.0,30,10,90.0,Low
8.2,6.0,4.4,60,7,85.4,Low
5.5,7.5,8.8,30,1,50.5,High
8.9,7.6,7.0,30,3,71.6,Medium
7.4,11.7,8.8,45,6,66.8,High
8.0,7.7,3.3,15,5,87.5,Low
9.1,10.1,8.6,45,5,73.3,Medium
5.4,6.5,11.3,60,9,70.2,Medium
6.9,6.8,7.9,0,6,65.0,Medium
6.3,4.6,8.0,60,3,56.3,Low
4.8,5.9,6.4,0,2,44.7,High
7.5,8.7,4.7,30,9,92.3,Low
10.5,7.5,7.9,60,10,100.0,Low
4.4,9.6,2.2,45,4,72.2,High
7.0,7.9,5.0,60,5,82.6,Low
7.9,6.7,1.6,60,9,98.6,Low
7.2,12.2,4.2,15,5,77.4,High
6.8,7.3,7.6,30,7,74.6,Medium
5.2,10.1,7.3,15,2,52.7,High
7.3,6.6,6.1,15,2,50.8,Medium
5.9,9.1,6.4,15,4,65.7,High
3.9,9.5,1.3,45,8,85.8,Medium
8.7,8.0,5.1,30,2,75.4,Medium
8.3,2.3,4.3,45,10,76.1,Low
7.1,7.5,4.4,45,7,83.2,Low
7.3,10.2,7.5,0,1,47.7,High
8.5,8.7,3.8,30,9,100.0,Low
7.3,8.5,4.5,15,10,88.4,Low
8.3,3.7,1.0,30,6,85.2,Low
6.6,5.9,5.3,45,1,56.6,Medium
8.8,8.4,3.3,30,10,100.0,Low
7.4,8.4,6.2,60,6,82.9,Low
7.3,10.2,3.6,45,5,77.0,Medium
5.2,7.2,6.3,30,5,61.6,High
7.4,8.4,5.6,45,5,76.8,Medium
5.8,7.5,10.2,0,4,39.1,High
6.1,5.3,7.2,0,7,70.3,Medium
5.9,2.5,1.4,0,9,80.2,Low
5.5,8.4,2.8,15,4,71.5,Medium
10.0,7.9,6.1,0,2,77.1,Medium
8.9,6.1,3.7,90,2,79.9,Low
9.7,3.9,1.0,30,2,78.1,Low
5.3,8.9,9.4,30,7,68.2,High
7.1,6.9,7.8,0,4,59.9,Medium
5.2,8.7,7.3,15,4,61.3,High
6.0,11.6,4.5,15,1,45.8,High
5.7,2.8,7.1,30,4,49.1,Low
8.7,6.0,4.2,30,6,83.4,Low
6.4,7.0,6.5,30,2,57.4,Medium
8.5,10.7,3.7,30,4,77.3,Medium
7.8,3.9,9.8,45,7,63.6,Low
10.2,11.8,2.1,0,9,100.0,Low
4.9,7.8,9.1,45,2,50.2,High
8.8,7.3,6.1,30,8,100.0,Low
8.6,7.1,4.8,30,6,81.1,Low
5.6,6.5,6.4,15,8,74.0,Medium
8.4,9.8,7.8,15,2,64.7,High
7.5,5.1,9.4,0,1,41.9,High
6.7,8.3,6.8,90,7,79.7,Low
5.8,6.7,3.8,30,9,82.8,Low
6.0,5.8,6.1,90,9,78.7,Low
9.9,13.2,10.5,30,2,52.1,High
7.0,8.4,9.4,0,4,60.5,High
8.1,8.8,8.3,30,1,69.6,High
5.9,10.0,8.0,0,7,71.4,High
5.9,4.4,7.7,60,2,47.0,Medium
8.5,11.4,8.9,45,4,69.3,High
5.1,2.0,4.9,45,2,42.8,Low
6.4,5.8,2.6,30,1,58.2,Medium
7.0,6.5,6.2,30,7,76.1,Low
7.2,8.8,4.0,90,6,80.6,Low
6.7,8.0,3.4,0,2,60.5,High
7.6,7.1,4.2,45,4,81.4,Low
8.0,7.5,12.2,30,3,61.1,High
8.0,5.3,6.3,90,3,60.8,Low
5.6,4.2,6.9,45,3,56.9,Medium
6.6,9.1,2.9,90,4,87.4,Low
8.7,9.0,1.4,30,1,77.1,Medium
8.3,11.0,4.0,0,1,64.7,High
5.1,5.8,9.6,30,7,65.5,Medium
7.5,9.0,6.8,45,5,79.7,Medium
4.2,6.9,7.5,45,3,54.1,High
7.1,10.1,7.8,0,9,73.5,Medium
9.7,9.7,4.5,30,5,84.5,Low
5.7,8.0,9.5,0,10,76.3,Medium
5.8,6.8,4.4,60,3,69.9,Medium
8.1,9.6,9.5,0,9,81.4,Medium
4.8,8.9,7.1,30,1,43.1,High
6.1,6.0,1.5,0,9,87.7,Low
7.8,4.6,4.1,15,5,73.9,Low
6.1,6.9,1.5,60,6,85.1,Low
6.7,10.8,8.9,0,2,57.4,High
8.0,10.0,5.9,0,8,77.9,Medium
7.6,5.1,1.0,0,3,71.1,Low
7.4,4.9,6.9,30,1,55.2,Medium
6.5,10.3,4.7,30,7,81.5,Medium
7.5,5.0,2.3,15,3,68.1,Low
6.8,8.6,10.2,30,4,58.3,High
7.6,6.1,6.3,0,5,70.2,Medium
6.3,11.1,5.3,60,1,60.3,High
6.7,5.8,5.0,45,9,84.6,Low
5.6,10.0,2.2,90,7,80.9,Low
7.0,7.9,2.7,60,2,77.4,Medium
5.9,8.1,9.2,15,1,54.3,High
5.4,3.2,4.8,15,2,48.2,Medium
7.4,2.7,6.1,45,3,52.7,Low
7.3,7.0,1.0,0,3,70.0,Low
8.1,8.0,2.7,15,8,99.3,Low
6.4,5.0,7.5,0,5,54.5,Medium
7.6,5.1,6.9,30,9,84.6,Low
7.8,8.7,10.4,30,3,64.6,High
7.6,8.7,9.4,0,6,66.6,High
5.8,7.2,5.4,0,4,63.9,High
7.2,9.2,7.2,45,8,83.5,Medium
7.5,4.9,5.2,0,1,48.6,Medium
7.0,6.7,11.1,90,4,69.0,Medium
4.1,11.1,8.9,0,7,54.8,High
7.2,7.7,6.4,30,9,87.3,Low
10.1,7.8,6.5,15,1,74.9,Medium
6.5,12.6,9.6,0,8,62.1,High
6.0,4.4,7.4,30,2,42.7,High
7.5,9.3,9.9,30,4,58.2,High
7.4,11.2,1.0,60,4,74.4,Medium
8.7,6.8,7.2,45,8,86.8,Low
5.2,9.4,4.7,0,2,57.4,High
8.0,5.3,10.4,0,7,62.1,Medium
7.8,6.0,9.9,15,3,49.7,Medium
6.8,8.3,6.1,0,9,80.7,Medium
7.5,9.3,9.8,30,5,63.4,High
8.4,10.0,10.5,90,8,85.4,Medium
8.2,11.0,6.2,30,5,79.0,High
5.4,7.4,12.2,45,1,29.3,High
8.1,10.1,5.9,30,9,87.9,Low
6.9,6.7,5.5,45,10,87.3,Low
7.1,9.5,8.2,0,7,68.8,High
7.1,8.0,5.1,45,4,79.6,Medium
6.8,8.5,6.2,60,7,80.6,Medium
8.7,8.4,9.5,0,5,71.5,High
6.9,4.0,6.0,15,10,84.8,Low
5.4,5.0,1.8,90,9,88.1,Low
6.4,7.7,6.9,45,2,60.7,High
7.3,3.8,4.3,0,4,60.2,Low
8.7,9.3,8.2,30,6,86.4,Medium
7.8,9.4,7.7,15,5,67.4,Medium
5.8,8.2,9.7,30,1,53.6,High
10.5,5.0,8.3,15,9,85.2,Low
7.4,10.5,8.7,0,9,74.8,Medium
8.8,12.0,4.3,30,3,75.4,High
6.8,7.8,8.0,45,4,65.7,Medium
7.7,8.6,10.9,60,4,68.6,High
8.2,7.9,4.3,0,10,95.1,Low
8.7,8.7,10.5,45,8,76.2,Medium
8.5,7.2,4.6,0,6,85.9,Low
8.2,7.4,3.9,15,2,74.3,Medium
6.6,9.5,6.7,60,4,66.6,Medium
6.2,12.7,7.8,30,1,49.7,High
7.5,4.4,8.3,0,3,46.6,Medium
8.3,7.3,3.6,0,4,79.1,Low
6.7,4.9,7.1,30,8,64.6,Low
8.5,11.0,4.3,45,3,73.0,Medium
9.0,6.2,2.3,90,5,90.5,Low
5.7,4.3,3.7,45,1,48.4,Medium
5.8,8.9,4.1,60,4,73.5,Medium
6.8,11.3,7.3,45,2,57.8,High
7.4,9.0,8.9,60,4,70.1,Medium
6.3,8.0,2.3,0,5,78.0,Medium
8.9,8.4,6.9,60,3,78.4,Medium
7.6,10.6,3.1,15,6,76.4,Medium
7.1,5.6,7.6,60,2,54.6,Medium
5.0,7.3,4.4,0,5,65.3,High
5.2,6.5,3.4,45,4,64.8,Medium
7.4,4.9,8.0,45,5,64.1,Low
4.0,6.8,4.5,90,9,80.3,Low
8.4,9.9,5.2,45,6,83.1,Low
6.8,8.7,1.0,15,7,83.3,Low
11.0,8.9,8.4,30,8,86.0,Low
10.2,7.8,8.1,15,9,90.1,Low
6.7,8.7,6.0,0,5,63.6,High
6.9,5.7,2.2,0,8,72.8,Low
8.4,6.8,9.0,0,2,58.3,Medium
9.4,7.9,4.3,30,10,100.0,Low
4.7,8.1,4.9,60,9,88.2,Low
4.5,8.2,11.8,60,2,43.4,High
6.1,7.2,4.2,0,5,69.3,Medium
7.8,6.7,7.9,0,6,69.6,Medium
7.7,14.0,7.4,0,4,53.0,High
8.5,9.5,7.0,0,8,74.2,Medium
5.3,8.4,6.7,0,10,82.9,Medium
3.8,7.0,6.9,15,3,48.9,High
8.2,6.5,6.7,30,5,73.4,Low
5.8,7.2,5.9,30,2,57.2,Medium
4.2,8.1,9.8,30,3,50.1,High
7.2,3.4,2.7,15,8,77.6,Low
8.1,4.0,8.6,45,5,60.7,Low
6.8,6.1,8.1,45,3,57.3,Medium
6.4,8.0,7.7,15,5,66.9,High
6.8,7.0,8.8,0,9,68.9,Medium
6.5,10.8,5.8,0,3,63.7,High
5.1,4.2,1.3,0,10,77.8,Low
6.0,5.8,5.8,30,7,68.1,Low
7.7,10.8,3.5,0,8,83.0,Medium
7.5,7.8,4.2,30,5,84.5,Low
7.2,9.4,2.9,0,3,69.8,High
5.6,12.0,4.8,45,6,74.0,High
6.7,6.0,4.5,0,3,60.3,Medium
4.0,7.3,1.0,30,9,80.5,Low
7.2,6.9,7.8,0,2,51.6,High
9.0,3.2,11.6,0,3,42.0,Medium
4.9,6.8,7.5,60,7,71.7,Medium
6.2,9.4,5.5,30,10,84.4,Medium
7.5,8.7,5.9,0,8,77.2,Medium
8.8,8.9,4.9,30,5,77.4,Low
6.4,6.7,6.2,30,5,60.9,Medium
6.0,6.1,5.9,30,5,76.2,Medium
4.2,10.3,3.9,15,4,56.5,High
7.1,6.4,10.2,60,9,78.2,Low
9.9,8.1,2.3,0,6,90.5,Low
7.4,7.9,7.8,15,8,84.6,Medium
7.0,10.7,5.7,15,8,74.8,Medium
7.5,9.6,10.8,45,5,71.0,High
7.0,4.7,6.9,60,9,87.0,Low
5.9,4.9,5.1,45,2,51.2,Medium
8.2,8.8,5.4,45,8,96.0,Low
7.3,7.4,6.1,90,3,82.3,Medium
7.0,6.5,3.1,30,7,77.7,Low
5.6,9.7,4.1,45,9,79.4,Medium
8.8,7.9,1.5,90,5,91.8,Low
7.9,7.6,3.7,0,8,85.5,Low
6.2,9.2,6.2,30,4,61.7,High
8.4,6.7,6.8,45,1,62.3,Medium
6.3,11.0,1.1,60,1,64.0,High
5.9,5.8,5.7,60,6,74.2,Low
5.9,8.9,7.4,45,8,76.8,Medium
4.5,10.7,5.6,60,10,81.8,Medium
7.7,4.5,4.4,30,2,65.8,Low
4.4,6.7,5.0,0,4,57.6,Medium
5.3,10.0,4.6,0,3,56.9,High
4.1,10.0,4.4,30,9,72.9,High
6.9,7.1,6.4,15,3,66.3,Medium
6.8,5.9,11.8,30,8,64.1,Medium
6.5,9.6,4.1,15,7,80.1,Medium
5.5,10.1,5.2,60,1,55.1,High
5.4,4.9,5.9,15,8,68.6,Low
7.7,4.9,4.3,60,9,85.9,Low
6.2,8.0,8.7,60,8,79.4,Medium
7.4,8.9,1.0,30,10,100.0,Low
5.8,6.8,4.7,15,10,87.0,Low
7.3,9.0,8.0,45,1,52.8,High
8.8,5.9,5.3,45,7,86.0,Low
7.8,2.8,3.9,15,9,81.7,Low
6.4,6.6,7.1,0,5,62.4,Medium
7.4,7.6,8.3,0,2,50.9,High
6.7,6.9,6.5,0,8,72.4,Medium
7.0,5.0,4.0,0,9,85.4,Low
6.5,3.5,7.1,0,7,59.4,Low
6.8,6.4,5.0,30,5,68.6,Low
7.3,9.5,7.9,90,8,90.1,Low
5.6,10.3,9.7,30,6,64.9,High
5.6,10.1,1.0,60,4,73.3,Medium
5.1,5.7,6.3,45,1,46.7,High
4.8,5.0,1.7,45,6,71.5,Low
5.3,8.6,12.1,15,8,61.7,High
7.2,8.9,4.8,15,3,68.1,High
5.8,8.4,7.9,45,7,73.3,Medium
7.7,3.1,5.9,60,7,72.7,Low
7.0,5.6,4.0,30,9,94.4,Low
4.2,7.4,3.7,0,1,53.7,High
7.9,8.6,10.0,45,5,68.0,High
8.1,9.2,8.4,0,8,76.0,Medium
5.6,7.8,10.9,0,3,48.5,High
7.6,8.2,6.1,45,5,74.7,Medium
5.8,7.7,6.7,30,1,55.8,High
7.1,9.0,5.3,30,9,88.6,Low
5.2,8.2,5.3,60,4,66.0,Medium
4.5,7.6,3.4,30,5,61.0,Medium
6.5,6.9,6.2,30,3,55.9,Medium
6.8,7.7,4.0,0,2,64.3,High
6.4,8.6,7.1,15,7,76.9,Medium
5.3,8.1,6.4,45,5,67.0,Medium
6.4,8.3,6.7,15,10,88.0,Medium
7.4,10.5,10.2,0,3,49.7,High
6.9,8.1,5.9,0,2,57.3,High
7.3,6.1,7.9,30,10,76.6,Low
6.1,9.4,11.1,30,6,55.3,High
8.6,4.5,9.3,30,10,79.2,Low
5.4,5.1,8.9,30,6,55.7,Medium
7.7,8.2,5.2,0,3,68.5,Medium
8.7,8.6,6.6,30,9,91.1,Low
7.7,4.8,2.7,60,1,71.6,Low
6.7,6.7,7.2,0,3,64.5,Medium
6.3,6.2,6.7,30,1,49.3,High
8.5,6.4,6.1,30,7,81.6,Low
5.0,9.6,8.6,45,2,44.6,High
5.6,9.1,3.0,0,4,67.9,High
6.4,7.5,10.1,60,4,59.9,High
8.7,6.3,8.3,30,8,81.4,Low
7.5,4.5,5.8,45,4,69.1,Low
5.6,10.6,5.6,0,3,50.5,High
6.6,8.8,7.2,45,10,85.7,Medium
6.1,5.9,9.8,45,3,49.8,High
6.0,9.1,6.3,15,5,66.9,High
8.4,7.3,6.4,15,6,84.6,Low
5.1,6.9,6.0,30,7,67.9,Medium
9.3,8.5,10.5,0,5,70.9,High
8.2,5.9,5.1,45,7,90.6,Low
8.5,6.7,5.9,0,4,67.3,Low
6.4,7.8,9.7,0,5,59.8,High
6.8,6.4,6.4,30,6,72.2,Medium
5.0,9.0,8.8,0,9,62.1,High
6.3,11.6,3.7,90,6,83.3,Medium
7.7,5.8,5.5,60,10,96.4,Low
8.8,3.8,9.7,30,1,44.9,Medium
5.4,3.1,4.3,45,7,65.1,Low
6.5,7.2,5.6,60,3,61.7,Medium
6.8,6.0,6.6,0,6,70.6,Medium
5.0,8.0,3.5,45,2,68.9,Medium
7.8,7.8,5.0,0,7,79.2,Medium
6.0,4.0,6.3,15,1,40.3,Medium
6.7,3.5,6.1,30,2,48.9,Medium
6.4,8.2,9.2,45,9,83.9,Medium
5.9,7.8,9.9,0,9,69.3,Medium
7.0,6.6,3.9,0,7,79.6,Low
6.7,3.9,6.3,30,2,51.8,Medium
6.5,8.5,7.7,15,5,71.5,Medium
6.0,10.3,9.8,45,4,54.0,High
7.4,8.1,7.8,30,2,61.8,High
9.3,5.6,6.7,0,2,66.8,Medium
7.2,7.6,7.7,0,10,87.5,Low
8.4,4.5,7.7,30,8,71.3,Low
5.1,9.8,3.7,30,5,61.8,Medium
7.2,7.7,6.5,0,8,79.7,Low
5.5,3.6,9.6,15,2,38.0,High
4.9,6.8,5.5,15,2,54.2,High
6.0,8.5,6.3,0,3,56.9,High
8.7,6.8,5.4,30,10,100.0,Low
8.3,6.9,1.0,45,8,96.5,Low
7.3,4.8,6.1,30,8,70.5,Low
4.9,8.7,6.8,45,3,63.2,High
6.7,6.1,4.7,0,1,53.4,High
7.4,2.8,3.1,15,7,79.7,Low
7.2,6.7,3.8,30,4,73.2,Medium
4.4,9.7,7.9,30,3,48.5,High
5.8,6.6,10.9,30,5,55.7,High
6.9,11.3,9.5,45,6,67.6,High
7.8,8.4,2.6,30,1,81.7,Medium
3.9,8.2,8.1,0,9,69.7,High
6.8,7.2,4.3,30,6,83.5,Medium
7.2,7.3,4.5,45,3,70.5,Medium
8.2,6.9,4.8,90,1,77.5,Medium
8.0,6.8,7.8,30,9,86.2,Low
7.8,8.7,8.4,30,2,58.9,High
5.9,5.4,5.8,30,10,73.8,Low
4.3,5.1,5.8,60,6,59.1,Medium
6.4,5.0,7.2,90,6,68.7,Low
8.4,12.0,7.4,45,3,63.7,High
9.0,8.7,8.9,30,6,80.5,Medium
8.0,8.2,2.8,0,2,77.3,Medium
7.6,5.2,6.1,45,8,87.1,Low
7.5,8.9,3.3,45,1,72.6,Medium
6.2,7.2,5.9,45,6,68.8,Medium
6.8,8.0,5.4,0,1,55.8,High
9.3,5.4,5.9,30,9,88.5,Low
5.7,7.9,4.0,0,9,88.1,Medium
9.3,6.6,2.3,45,6,96.7,Low
6.5,5.8,1.0,0,6,75.6,Low
8.9,9.1,5.7,30,9,89.5,Low
5.0,4.1,4.9,0,5,52.0,Low
7.8,8.7,4.3,0,9,85.4,Low
6.0,9.0,9.3,30,5,60.3,High
5.0,5.6,3.9,0,4,60.1,Medium
7.3,5.7,9.5,30,2,52.1,High
8.4,7.0,10.1,60,2,59.3,Medium
5.8,8.1,1.1,90,1,76.6,Medium
4.9,7.2,6.2,0,10,71.0,Medium
6.9,8.5,5.0,45,3,68.7,Medium
6.9,11.4,1.0,15,1,67.0,High
7.8,6.4,2.4,60,6,98.1,Low
8.3,3.7,7.9,45,7,76.1,Low
6.9,9.3,11.0,0,9,63.6,High
9.6,11.2,8.3,15,7,81.3,Medium
7.3,8.4,6.8,15,4,69.2,High
6.5,5.1,5.9,45,4,63.9,Low
4.7,7.2,10.2,15,8,71.0,High
6.6,5.0,11.4,30,4,45.8,Medium
6.5,8.9,4.5,30,1,64.3,High
8.3,4.5,1.0,90,9,100.0,Low
7.6,6.8,1.0,60,3,80.6,Low
5.3,5.3,9.3,15,1,28.9,High
7.2,7.8,5.9,45,9,84.7,Low
7.9,6.7,6.5,45,10,92.2,Low
9.1,7.9,1.5,60,10,100.0,Low
8.2,7.5,4.1,0,5,81.7,Medium
8.1,5.3,5.3,15,9,86.2,Low
7.1,8.9,6.5,15,3,65.5,High
7.5,7.4,5.0,15,6,75.8,Low
8.7,5.3,3.4,0,7,83.0,Low
5.1,12.4,4.0,30,5,66.1,High
6.5,8.5,9.0,30,8,76.0,Medium
5.9,7.2,6.6,30,10,89.3,Low
7.5,10.6,7.5,30,6,68.9,High
8.7,11.6,3.8,0,6,77.5,Medium
6.2,7.2,1.0,60,7,89.0,Low
3.7,8.3,4.7,60,8,66.6,Medium
6.4,5.3,3.8,30,2,62.9,Medium
8.3,7.2,6.9,60,7,85.5,Low
7.8,7.1,14.0,0,9,63.8,Medium
7.6,7.9,7.7,45,1,58.5,High
6.6,8.2,12.8,0,1,41.9,High
5.2,8.7,7.4,15,7,67.6,High
7.7,8.0,4.4,15,5,86.2,Medium
5.8,4.8,6.9,30,1,45.6,Medium
10.1,5.4,10.5,15,1,55.5,Medium
7.8,6.3,10.6,30,2,58.3,Medium
6.2,6.9,4.6,15,10,84.9,Low
6.1,9.8,6.6,60,9,80.9,Medium
6.9,4.9,2.4,30,3,73.6,Low
6.7,6.7,8.1,0,9,67.7,Medium
8.6,9.6,9.9,15,6,68.9,Medium
7.3,6.8,6.1,45,10,89.0,Low
6.0,8.5,4.3,15,6,72.3,Medium
9.6,7.2,6.9,30,7,89.3,Low
7.1,8.1,7.0,30,10,86.4,Low
8.1,7.0,6.2,15,8,84.2,Low
6.1,9.0,6.4,0,3,54.8,High
7.5,4.1,5.6,30,8,77.0,Low
7.4,6.7,8.5,0,6,74.5,Medium
4.4,8.2,7.8,0,6,59.2,High
9.8,8.7,3.5,0,3,81.1,Medium
8.8,10.8,3.5,15,6,79.6,Medium
6.4,6.6,5.4,15,8,81.1,Low
5.5,10.8,7.8,90,7,72.0,Medium
7.5,6.1,6.4,30,10,87.9,Low
7.1,10.4,4.4,45,10,96.1,Low
7.5,9.3,6.7,0,7,74.8,Medium
7.3,5.5,5.2,0,3,64.9,Medium
7.7,8.2,8.2,45,10,94.0,Low
9.0,7.4,6.8,30,3,74.2,Medium
7.8,8.9,5.2,0,5,75.7,Medium
5.5,7.0,6.6,15,5,62.9,Medium
8.9,6.8,9.3,30,9,85.8,Low
9.3,10.5,4.6,45,9,99.3,Low
11.0,7.3,7.0,0,10,93.2,Low
5.4,9.3,5.8,30,5,63.8,High
7.3,7.0,7.1,45,5,76.0,Medium
4.1,11.2,4.4,90,6,72.2,High
7.8,6.0,6.3,45,8,81.9,Low
6.2,6.1,8.8,0,6,65.8,Medium
9.7,10.9,3.7,45,6,93.9,Low
5.9,6.5,2.7,45,9,93.2,Low
4.6,11.0,2.8,45,1,55.5,High
6.3,9.5,3.1,45,4,76.5,High
4.2,7.2,7.5,60,10,76.8,Low
8.1,3.5,2.5,0,10,83.0,Low
4.1,7.5,5.3,0,2,51.3,High
7.0,7.7,7.5,45,9,84.7,Medium
4.1,10.1,7.0,0,3,46.5,High
6.6,11.0,5.0,0,10,86.4,Medium
9.3,6.0,6.5,15,2,65.2,Medium
7.5,9.3,6.3,45,8,85.3,Low
5.8,9.2,5.4,0,4,63.1,High
7.0,9.9,5.5,30,2,64.9,High
7.0,8.6,11.6,0,4,54.3,High
7.7,3.2,8.0,0,7,64.0,Low
5.1,7.2,12.2,15,7,49.0,High
7.8,5.0,4.8,0,1,56.5,Medium
3.5,7.1,5.8,45,1,47.3,High
6.1,9.7,2.7,60,3,68.1,Medium
6.3,8.2,4.0,45,2,63.2,Medium
7.9,10.0,10.8,0,3,50.2,High
7.0,8.3,4.7,30,4,71.8,Medium
5.0,4.6,10.8,0,7,46.7,Medium
5.6,2.0,2.9,0,2,46.6,Medium
7.3,7.8,3.4,30,7,90.5,Low
6.9,7.0,5.1,45,5,70.6,Low
6.2,5.4,5.8,0,8,67.0,Low
6.3,3.8,8.3,0,8,56.5,Low
8.0,5.9,7.1,60,5,73.0,Low
6.3,7.1,5.0,15,10,86.4,Low
6.9,9.0,5.7,60,8,90.4,Low
10.0,7.9,5.2,90,9,100.0,Low
5.0,11.0,3.7,30,7,76.3,High
4.4,5.2,3.8,0,6,55.5,Medium
8.1,9.4,8.6,45,7,78.3,Medium
6.0,7.6,1.4,0,7,86.4,Low
6.6,9.0,10.0,0,3,54.0,High
5.9,6.5,5.1,45,6,80.1,Medium
6.6,9.9,4.1,15,6,85.3,High
9.2,8.1,7.8,0,9,90.0,Low
8.1,6.0,9.7,30,1,46.1,Medium
8.2,7.5,8.8,45,7,94.7,Low
5.0,7.0,7.3,0,1,49.0,High
5.4,8.6,8.7,0,10,77.3,Medium
3.5,4.9,1.7,0,4,54.0,Medium
5.9,7.4,4.7,15,7,76.2,Low
8.3,8.4,3.7,45,6,86.8,Low
7.7,7.6,9.1,45,6,76.5,Medium
6.7,10.5,5.0,30,5,69.4,Medium
7.0,9.2,8.1,0,7,73.1,High
6.0,7.5,7.3,0,9,72.6,Medium
7.3,8.0,3.8,0,6,85.2,Medium
8.1,8.2,4.5,0,10,96.4,Low
4.7,8.4,9.2,0,7,65.0,High
7.4,3.5,4.1,15,9,87.3,Low
8.3,6.8,6.3,0,7,79.9,Low
6.4,4.2,4.0,45,6,76.6,Low
8.0,10.3,5.2,45,3,77.2,High
10.9,7.4,5.9,30,1,76.2,Medium
6.9,7.1,4.0,0,10,90.4,Low
7.6,9.5,3.6,60,9,97.8,Low
6.0,8.4,6.7,90,7,80.1,Medium
7.3,5.0,3.9,0,3,60.8,Medium
7.6,7.3,4.0,45,10,100.0,Low
7.3,6.8,3.7,45,9,90.1,Low
5.6,3.7,5.8,30,3,50.0,Medium
7.3,6.0,8.4,15,3,54.7,Medium
9.0,7.1,9.8,30,7,79.0,Low
7.6,7.2,4.2,30,2,79.1,Medium
8.3,4.2,11.4,15,10,68.8,Low
6.7,10.0,3.5,60,7,80.2,Low
8.0,7.3,8.7,45,7,78.7,Low
7.4,7.6,4.2,0,1,59.7,High
5.7,8.4,3.8,30,10,91.5,Low
7.4,5.8,4.1,30,2,62.1,Low
5.6,8.5,5.9,0,5,65.8,Medium
6.1,6.7,7.4,15,4,54.3,High
7.3,5.5,7.7,60,3,60.5,Medium
7.4,8.8,3.6,30,10,93.0,Low
5.3,10.8,3.5,0,8,80.0,Medium
8.5,9.1,3.7,0,7,84.6,Medium
7.8,9.5,5.7,30,9,91.0,Low
6.0,6.4,5.5,30,3,61.8,Medium
4.8,4.0,3.6,15,10,75.2,Low
6.8,10.8,6.7,30,1,55.5,High
6.4,12.0,11.7,0,9,62.1,High
7.2,10.9,4.7,0,9,87.8,Medium
6.5,6.8,4.9,30,1,63.1,High
4.2,5.0,7.4,0,8,63.5,Medium
6.5,5.2,4.6,60,10,83.3,Low
6.6,3.8,7.7,0,1,34.9,Medium
7.9,7.3,4.2,30,6,90.8,Low
6.0,11.0,10.6,15,9,66.8,High
9.4,7.2,6.9,15,3,67.5,Medium
4.3,8.2,4.4,45,6,71.6,Medium
8.8,10.5,4.5,30,3,76.7,Medium
6.7,6.6,4.7,45,5,74.4,Medium
8.2,12.0,9.4,30,7,72.1,High
7.1,11.9,2.8,30,10,86.9,Medium
8.6,7.2,4.3,45,4,81.7,Low
6.5,6.2,4.6,30,4,68.4,Medium
5.5,9.0,6.0,30,7,70.6,Medium
9.0,6.7,5.3,45,5,81.5,Low
6.8,5.0,2.3,60,1,63.3,Low
7.3,10.3,5.0,15,10,83.9,Medium
8.7,10.2,5.8,30,2,65.8,High
5.6,7.8,4.4,0,6,73.3,Medium
7.8,4.7,7.7,15,9,71.2,Low
6.2,4.8,8.3,15,7,58.4,Low
6.8,7.7,5.8,45,4,65.5,Medium
7.1,6.4,6.6,30,2,65.3,Medium
4.9,6.7,1.0,45,4,77.5,Medium
5.9,9.7,4.9,0,5,71.3,High
8.9,9.1,8.5,30,2,66.0,High
8.2,10.5,4.9,60,1,69.4,High
6.9,5.3,4.2,0,4,63.5,Low
7.3,6.7,11.7,0,6,63.0,High
6.6,9.2,10.5,15,1,45.3,High
8.9,8.5,7.2,45,1,59.7,Medium
6.7,10.9,8.8,30,9,66.1,High
7.3,8.4,1.0,30,5,89.4,Low
8.6,11.6,4.0,30,2,65.8,High
5.9,8.7,4.8,0,2,59.5,High
9.2,9.8,5.4,45,4,83.3,Medium
4.9,6.8,4.8,0,2,49.6,High
9.3,7.5,1.0,15,4,89.1,Low
6.5,9.5,7.0,30,6,69.6,Medium
6.7,11.0,7.4,45,7,69.0,High
4.4,9.1,10.0,45,6,51.6,High
6.4,7.3,4.0,45,4,69.7,Low
5.5,10.5,3.8,15,10,77.8,Medium
6.1,2.7,1.0,0,3,57.4,Low
6.8,4.4,5.3,0,4,57.7,Medium
8.3,9.0,8.3,60,5,73.8,Medium
7.3,7.5,4.5,60,4,73.1,Low
7.4,8.8,11.4,90,3,66.5,High
5.5,7.6,5.4,0,1,50.5,High
5.8,8.8,6.4,30,3,71.5,High
9.5,5.7,2.6,30,5,90.1,Low
6.0,8.8,6.7,45,6,64.4,Medium
9.3,9.7,1.1,30,4,94.8,Low
6.7,10.2,7.7,45,1,51.3,High
7.0,11.9,7.8,15,10,73.2,High
8.5,8.0,9.4,0,7,74.3,Medium
8.8,8.1,3.5,0,9,100.0,Low
6.8,4.1,6.4,0,6,63.3,Low
6.5,6.3,7.4,15,6,66.6,Medium
6.9,7.1,7.1,0,9,75.2,Medium
7.5,9.8,3.8,15,4,77.7,High
8.2,6.2,1.0,30,5,83.0,Low
7.0,9.3,6.9,60,5,77.8,Medium
7.9,7.5,5.6,45,5,81.2,Medium
9.3,7.1,4.6,0,8,88.7,Low
7.5,8.0,7.9,0,1,64.5,High
7.4,6.6,5.9,0,10,88.8,Low
4.9,6.6,2.7,90,10,95.9,Low
3.5,3.7,1.2,30,3,54.1,Low
7.5,7.0,3.2,0,8,82.5,Low
6.9,6.4,12.0,45,9,69.5,Medium
6.3,6.4,7.8,15,2,58.0,High
7.3,8.4,6.5,60,4,68.9,Medium
6.9,8.9,5.5,0,8,82.4,Medium
8.6,8.0,5.4,15,5,86.7,Medium
7.1,9.7,8.9,30,1,57.7,High
6.0,8.8,4.8,60,6,75.5,Medium
8.4,6.9,7.4,60,9,87.9,Low
6.7,6.5,5.1,30,9,84.8,Low
7.7,8.2,10.9,0,1,50.7,High
6.3,8.8,7.9,15,4,66.0,High
6.1,10.6,9.1,90,1,51.8,High
7.1,10.1,4.5,30,7,85.1,Medium
7.0,6.3,8.6,45,3,48.5,Medium
7.7,7.3,5.2,15,2,65.3,Medium
6.6,9.0,6.3,30,8,84.0,Medium
4.4,9.8,10.1,15,9,65.1,High
6.4,9.6,3.4,45,7,80.2,Medium
8.1,7.4,6.5,60,6,87.2,Low
6.6,4.7,7.1,30,10,71.1,Low
6.7,5.3,7.3,30,6,70.4,Low
8.4,8.1,4.9,15,9,93.4,Low
6.0,8.3,11.2,0,5,52.1,High
4.8,5.1,2.8,60,5,67.8,Low
6.8,7.6,9.6,15,2,54.2,High
6.3,8.9,9.0,45,6,76.2,High
5.6,5.0,10.8,45,6,58.2,Medium
6.8,9.9,2.0,45,6,80.8,Low
7.7,6.7,3.8,60,4,75.5,Low
7.0,10.3,9.7,30,7,59.9,High
7.4,6.3,1.3,60,9,100.0,Low
9.5,5.2,2.0,0,1,69.6,Low
6.5,6.5,4.8,30,3,67.6,Low
7.4,7.3,6.5,45,10,89.0,Low
6.3,6.6,10.0,0,9,65.7,Medium
5.8,7.0,5.5,45,5,64.4,Medium
6.2,8.2,4.5,45,6,84.5,Medium
6.3,7.1,6.8,45,8,76.4,Low
7.5,7.4,7.2,15,9,79.9,Low
10.3,3.7,7.1,30,8,86.0,Low
6.0,8.4,5.6,15,3,57.1,High
6.4,7.3,1.1,45,10,100.0,Low
6.9,11.0,3.7,30,1,58.5,High
7.6,5.4,9.6,30,5,60.1,Medium
7.4,3.5,6.5,15,7,58.8,Low
8.8,8.9,5.2,0,2,71.6,High
3.6,8.3,8.8,0,1,45.7,High
3.7,5.3,3.2,0,4,48.9,Medium
6.3,4.1,5.4,30,3,60.2,Low
8.5,10.9,6.3,45,4,72.8,Medium
4.8,10.6,4.9,0,1,49.6,High
3.5,2.0,6.3,0,2,24.4,Medium
7.8,6.5,5.5,30,1,58.0,Medium
7.3,11.2,2.5,45,3,74.2,Medium
5.5,6.5,6.5,0,4,55.7,High
5.6,6.4,2.7,0,1,57.1,High
5.6,6.9,6.4,0,6,58.9,Medium
7.2,5.0,9.4,15,2,49.4,Medium
6.1,3.7,5.3,0,10,74.3,Low
7.7,9.8,3.1,15,5,84.1,Medium
3.5,3.4,5.7,45,8,60.6,Low
5.8,8.0,3.9,30,4,81.3,Medium
5.4,9.5,7.5,0,5,66.4,High
6.6,4.3,5.6,30,9,76.2,Low
6.2,5.5,10.3,30,2,43.9,High
8.1,10.2,8.9,60,2,58.3,High
4.4,8.7,5.6,0,6,58.5,High
7.1,6.1,7.8,45,6,69.2,Medium
7.8,10.1,5.0,45,3,69.3,High
9.6,10.2,6.1,0,9,86.9,Medium
6.3,8.1,5.1,60,1,66.4,High
7.5,5.5,7.9,30,3,52.0,Medium
4.5,6.6,9.6,30,8,56.7,Medium
3.7,8.1,8.0,0,8,54.8,Medium
8.2,7.1,8.3,0,4,59.2,High
7.0,9.6,8.3,30,8,73.2,Medium
8.6,4.1,7.4,15,10,83.7,Low
5.1,4.2,3.2,30,8,80.3,Low
7.7,7.9,10.3,15,1,45.3,High
9.6,6.4,10.5,30,3,66.5,Medium
7.6,6.1,5.4,30,1,56.5,Medium
7.4,3.6,5.1,0,2,53.2,Medium
7.0,7.5,7.5,30,4,68.9,Medium
4.8,7.4,7.4,15,3,58.4,High
8.9,8.9,5.5,15,6,93.1,Medium
6.1,7.7,2.9,0,5,78.9,Medium
7.7,7.2,6.8,0,5,68.0,Medium
4.8,10.1,7.4,0,10,64.8,High
5.3,4.6,7.8,60,7,64.3,Low
9.0,8.7,6.9,15,7,86.6,Medium
6.5,3.8,5.3,0,9,66.8,Low
9.0,5.7,8.5,0,8,79.1,Low
6.9,4.8,6.2,0,3,52.9,Medium
4.4,9.2,4.8,30,2,51.1,High
8.2,7.4,5.5,0,1,63.5,Medium
6.2,7.5,1.6,30,10,93.7,Low
8.0,5.1,5.5,15,6,68.4,Low
7.0,6.8,7.7,45,4,66.8,Medium
4.8,5.8,6.8,15,3,51.1,High
7.2,8.3,9.8,30,2,54.6,High
10.1,5.3,5.3,45,2,74.3,Low
7.7,10.4,7.2,15,4,69.6,High
6.9,3.8,8.0,45,1,49.3,Medium
8.5,5.7,11.9,30,6,59.2,Medium
7.3,11.2,6.4,15,10,83.2,Medium
7.3,6.5,3.4,30,5,75.4,Low
5.5,4.6,8.1,90,10,70.9,Low
7.3,8.0,10.7,30,9,79.8,Medium
8.4,6.5,5.2,60,2,76.0,Low
5.8,5.7,8.1,0,9,65.5,Medium
9.0,5.1,9.1,30,9,80.3,Low
6.9,13.6,8.5,60,10,82.8,High
5.8,6.9,6.3,15,9,81.3,Medium
8.4,3.3,4.3,90,10,91.4,Low
6.6,10.8,5.8,0,10,80.5,Medium
8.1,8.8,7.1,60,4,72.5,Medium
6.6,5.8,8.3,15,5,60.2,Medium
6.9,5.4,6.8,0,8,71.1,Low
7.7,9.0,5.1,60,8,86.5,Low
7.4,7.0,7.4,0,1,52.0,High
4.2,3.3,8.2,0,10,48.4,Low
5.4,11.4,6.9,0,1,39.1,High
8.3,6.5,3.9,30,10,98.6,Low
6.8,10.8,5.5,90,6,80.6,Medium
6.3,10.3,8.4,0,7,68.3,Medium
5.1,5.3,2.5,30,2,58.7,Medium
5.5,9.8,1.0,0,2,64.0,High
4.2,6.1,9.8,45,5,57.8,High
6.9,3.4,7.3,0,9,65.5,Low
6.2,6.6,7.5,0,5,58.8,High
5.6,8.4,3.3,0,8,81.6,Medium
6.9,6.5,7.8,30,8,72.1,Low
7.5,6.8,6.7,60,5,76.2,Low
9.9,10.0,2.0,30,8,99.3,Low
4.9,7.7,9.6,0,8,61.1,High
8.6,5.6,6.4,30,5,70.2,Low
8.4,9.0,5.0,45,5,75.7,Low
5.9,7.9,5.1,0,4,56.2,High
7.3,2.0,1.0,0,1,48.7,Low
6.4,8.4,7.5,0,9,81.9,Medium
7.3,8.4,6.7,45,2,66.1,Medium
9.1,7.5,5.5,30,1,68.4,Medium
7.8,9.5,9.2,30,6,66.2,High
7.7,6.0,2.5,0,5,82.1,Low
6.4,8.2,4.5,15,1,58.8,High
4.9,4.1,3.9,90,7,70.2,Low
6.7,8.4,5.3,0,7,70.1,Medium
8.7,11.8,6.2,60,3,61.9,High
4.9,5.3,7.1,30,8,67.2,Medium
5.5,5.8,5.1,0,6,71.1,Medium
7.2,5.9,3.8,30,4,73.0,Low
5.6,7.8,10.2,60,10,78.9,Medium
5.9,5.2,12.0,15,10,68.6,Medium
6.4,8.4,6.4,60,10,92.3,Low
5.1,9.4,4.1,0,3,59.4,High
5.6,8.7,9.7,30,1,48.2,High
8.0,3.6,2.4,45,2,70.6,Low
5.2,9.7,5.2,60,2,62.3,High
4.8,9.6,4.3,30,5,65.3,High
6.1,9.3,3.1,30,4,74.5,Medium
8.0,8.3,5.3,0,2,64.3,High
6.7,8.0,3.8,0,9,88.5,Low
6.3,9.8,6.0,0,7,73.1,High
7.1,11.7,6.1,0,8,81.2,Medium
4.6,5.4,4.4,0,8,69.5,Low
7.7,9.9,5.1,15,2,65.0,High
7.5,7.3,5.4,90,5,81.8,Low
6.4,7.2,8.0,30,3,56.5,Medium
8.4,4.1,5.6,15,10,82.6,Low
5.4,6.9,8.1,90,9,80.0,Low
8.6,5.3,7.5,0,9,82.5,Low
7.2,6.5,7.4,30,6,65.9,Medium
6.5,5.1,9.5,30,4,55.4,Medium
7.0,6.5,3.2,0,8,81.3,Low
6.8,6.6,4.8,45,5,71.9,Low
8.7,7.7,10.4,0,3,62.0,High
5.5,3.9,5.4,0,8,62.8,Medium
5.9,4.3,1.0,0,6,73.6,Low
8.5,8.3,5.5,60,5,86.7,Low
6.2,5.7,6.3,30,1,54.6,Medium
8.3,9.9,1.0,30,3,87.8,Low
9.4,8.0,9.3,30,7,75.9,Low
6.4,8.8,4.2,0,3,66.4,High
8.0,10.6,6.8,30,1,56.0,High
5.4,6.8,5.4,15,8,76.0,Medium
8.1,6.2,2.8,0,7,79.3,Low
7.3,9.4,3.3,30,5,80.4,Medium
7.7,8.6,3.7,0,10,87.3,Low
6.1,7.1,8.7,0,5,58.6,High
4.7,10.6,5.6,45,6,66.6,High
7.7,7.0,4.7,30,7,81.8,Low
4.1,7.6,3.7,30,3,60.0,High
6.6,7.5,9.0,15,4,58.0,High
8.3,5.4,9.7,15,1,42.4,Medium
7.3,7.7,9.0,30,7,69.0,Medium
9.7,10.6,7.2,45,10,96.1,Low
8.4,8.5,6.7,30,2,72.5,Medium
6.1,7.6,3.0,90,7,94.2,Low
7.0,7.1,5.4,90,6,75.9,Low
6.9,8.2,4.3,15,4,78.5,Medium
4.8,9.1,1.4,45,2,72.9,Medium
5.7,8.8,8.6,30,7,65.1,High
6.2,6.8,4.3,30,7,75.9,Medium
4.1,8.2,9.0,0,5,49.9,High
7.1,8.6,8.2,30,9,82.8,Medium
6.7,5.3,7.4,60,3,58.1,Medium
4.7,7.9,7.5,45,9,77.9,Low
7.6,2.7,4.5,45,5,61.8,Low
8.0,8.6,10.6,0,2,48.9,High
7.3,9.0,6.1,15,9,81.5,Medium
6.5,9.1,6.8,0,1,49.2,High
7.8,6.6,4.4,15,1,65.2,Medium
8.0,8.2,3.7,30,7,91.7,Low
7.4,10.6,7.2,15,3,62.9,High
5.8,10.6,6.5,30,8,77.7,High
7.4,7.4,4.0,15,7,86.0,Low
8.7,7.8,2.4,0,7,86.0,Low
6.2,9.9,2.8,0,1,58.0,High
9.9,4.2,9.0,60,1,57.3,Low
6.3,6.8,4.5,0,2,60.3,Medium
7.0,10.4,5.2,0,2,55.3,High
6.1,9.6,9.6,45,5,66.9,High
7.3,8.3,3.2,90,9,100.0,Low
4.6,4.2,4.2,45,7,65.3,Low
6.2,7.4,4.1,0,2,60.9,High
5.5,6.2,10.0,0,5,48.0,High
7.2,8.2,11.0,90,5,63.0,High
8.4,5.7,7.9,45,8,85.3,Low
7.9,5.2,8.0,30,9,75.5,Low
3.7,3.0,4.5,0,8,59.2,Low
9.9,10.2,10.9,0,2,55.1,High
7.4,6.6,6.7,0,4,61.4,Medium
5.9,7.8,8.1,30,2,50.2,High
7.2,7.5,5.7,0,6,67.6,Medium
7.2,5.2,5.3,90,4,71.2,Low
6.1,4.7,10.2,0,7,51.9,Medium
7.3,5.3,7.3,45,2,62.7,Medium
6.1,5.9,9.6,0,9,65.7,Medium
6.4,8.3,6.6,30,5,75.1,Medium
6.0,5.7,3.9,0,1,47.0,High
5.0,11.3,4.5,45,3,59.7,High
7.2,9.8,6.3,30,4,70.5,High
7.8,9.3,4.4,0,3,70.1,High
7.7,7.2,3.2,45,6,88.0,Low
8.1,10.8,9.0,30,6,68.5,High
7.5,7.0,4.6,60,10,92.2,Low
6.3,7.4,6.3,60,7,74.1,Low
8.2,7.9,6.7,60,9,96.9,Low
5.1,9.0,4.5,0,10,79.0,Medium
5.7,8.9,9.6,0,9,66.6,High
5.7,6.5,3.2,90,7,83.1,Low
8.5,6.3,6.7,30,1,57.8,Medium
8.3,8.9,6.6,0,3,61.1,High
7.7,9.1,5.9,45,5,83.7,Medium
8.5,6.6,2.8,0,10,89.1,Low
5.8,4.0,8.2,45,6,60.4,Low
7.5,7.0,7.9,45,6,78.6,Medium
6.8,8.9,4.3,45,5,79.0,Medium
8.2,11.5,7.8,0,6,67.3,High
6.8,4.9,6.9,15,9,74.6,Low
6.5,6.6,2.8,15,1,60.7,Medium
7.8,6.6,3.9,30,1,70.4,Medium
8.2,10.5,8.8,0,9,81.6,Medium
6.1,7.4,6.8,30,8,79.4,Low
6.9,5.5,4.6,30,9,76.8,Low
5.5,8.7,3.9,30,7,82.0,Medium
3.5,6.6,4.7,45,10,82.9,Medium
7.3,4.8,4.9,30,6,75.0,Low
7.9,5.5,3.9,0,9,89.6,Low
7.4,11.3,1.6,30,2,68.5,High
4.3,8.3,8.9,45,4,53.0,High
6.5,7.7,8.4,15,2,60.0,High
3.9,7.0,2.8,30,6,73.5,Medium
8.9,8.1,6.3,0,1,64.4,High
5.5,8.1,3.7,15,7,78.1,Medium
8.8,8.1,5.3,60,7,93.7,Low
8.3,7.8,5.1,60,7,90.6,Low
5.7,9.4,4.9,30,4,66.6,High
5.4,7.6,11.0,45,8,78.8,High
7.5,5.3,4.9,60,5,72.3,Low
5.8,6.2,4.0,90,2,60.0,Low
7.1,3.1,4.1,30,5,62.8,Low
6.3,12.0,8.6,30,10,75.9,High
4.5,9.4,1.9,15,9,85.9,Medium
3.9,5.7,4.1,0,10,68.6,Low
7.3,6.9,9.6,15,1,47.8,High
6.2,6.1,6.6,45,2,60.2,Medium
6.2,10.9,6.5,45,10,82.1,Medium
8.0,4.4,11.3,60,8,64.0,Low
8.6,7.8,6.6,0,5,72.5,Medium
6.6,7.3,4.2,30,9,94.2,Low
6.5,9.3,5.3,0,6,70.0,Medium
7.7,7.3,3.2,0,8,89.0,Low
5.1,3.6,9.1,60,1,30.8,High
7.3,6.9,7.4,30,9,81.3,Low
7.8,5.4,8.8,45,9,89.2,Low
8.0,7.7,9.0,0,3,67.9,High
4.3,10.7,5.0,15,1,47.8,High
5.9,3.7,3.6,30,8,79.8,Low
5.8,5.7,5.9,0,8,72.1,Low
7.1,6.3,3.8,15,9,96.2,Low
7.7,6.7,6.4,0,6,75.3,Low
9.1,9.1,8.8,30,9,92.4,Medium
6.3,7.1,5.6,90,10,85.0,Low
6.3,8.4,6.4,45,9,86.5,Low
8.6,6.1,5.8,90,4,77.5,Low
7.4,8.0,8.0,45,5,75.6,Medium
8.8,9.2,4.3,60,6,92.8,Low
7.4,5.9,1.0,30,6,91.5,Low
5.4,9.2,7.2,30,10,83.4,Medium
5.1,7.6,8.5,15,2,43.0,High
4.8,9.8,7.1,45,4,51.0,High
7.9,7.1,4.4,0,9,88.4,Low
8.7,8.3,3.2,0,7,94.1,Low
9.6,7.4,7.2,60,9,99.4,Low
8.2,7.3,6.4,0,6,76.7,Medium
8.6,8.1,5.7,90,7,97.8,Low
6.2,8.7,10.6,45,9,76.7,Medium
5.4,4.8,3.6,15,4,60.3,Medium
8.2,10.7,10.4,30,9,78.7,Medium
7.6,3.4,6.1,45,3,61.5,Low
7.2,6.0,1.4,0,8,87.3,Low
7.5,7.3,5.6,45,3,77.2,Medium
7.5,8.4,8.4,45,3,60.8,High
8.8,11.0,5.1,0,3,75.2,High
8.8,3.4,2.3,0,9,91.1,Low
7.8,6.4,5.6,0,10,95.5,Low
8.2,2.8,3.9,0,3,53.5,Low
7.7,7.6,7.2,0,6,71.9,Medium
6.4,8.1,7.9,45,4,68.1,High
8.1,11.0,3.4,15,2,69.6,High
5.0,7.8,4.2,60,3,66.3,Medium
8.5,9.8,7.9,0,5,70.4,High
5.3,8.8,3.9,30,10,92.8,Low
7.4,6.5,3.3,30,4,76.2,Low
5.8,4.4,3.1,60,5,64.7,Low
7.8,8.1,6.9,30,1,71.2,High
7.0,4.2,6.8,15,4,52.8,Low
4.8,10.3,4.3,60,10,80.5,Medium
7.6,7.1,6.0,15,3,63.6,Medium
6.2,10.1,9.8,0,2,42.5,High
8.2,6.4,3.6,15,7,86.8,Low
7.0,8.1,1.1,45,10,100.0,Low
7.6,8.0,7.1,0,9,80.4,Medium
5.7,7.4,5.7,30,1,60.3,High
6.2,6.5,4.2,30,7,86.0,Low
6.4,8.4,7.6,60,1,56.8,High
8.2,5.5,8.1,0,5,63.2,Medium
9.3,4.8,1.0,0,1,72.0,Low
5.9,10.2,4.4,15,3,60.2,High
8.5,9.1,11.8,15,8,64.9,High
4.0,7.6,7.5,45,4,62.0,High
5.3,11.2,7.7,30,1,45.4,High
5.7,6.9,8.9,45,1,45.9,High
5.1,10.4,6.0,45,8,73.8,Medium
4.8,7.9,8.0,60,8,72.7,Medium
7.6,5.2,7.8,15,4,61.9,Medium
6.7,11.6,7.3,90,4,63.6,High
7.5,9.7,5.2,0,10,86.6,Low
8.0,7.2,6.4,45,2,68.3,Medium
7.4,9.1,4.5,30,2,60.7,Medium
7.9,6.6,6.0,45,6,78.4,Low
6.9,9.3,3.1,30,8,86.1,Medium
5.3,2.2,4.0,45,7,66.4,Low
8.5,5.3,5.3,60,7,85.5,Low
6.2,9.7,3.6,45,3,74.8,High
5.7,7.0,4.7,45,2,54.1,Medium
6.8,8.0,5.6,0,10,85.2,Low
5.7,4.5,7.0,0,7,60.5,Low
6.4,11.6,8.4,90,4,68.4,Medium
7.5,10.1,4.8,30,1,58.6,High
7.5,7.1,9.3,30,1,50.0,High
5.7,6.6,8.3,15,4,60.2,High
6.3,9.8,7.3,0,5,71.1,High
8.5,11.9,6.4,15,5,77.3,Medium
7.7,9.6,6.8,30,1,66.7,High
9.9,12.3,9.0,0,3,62.3,High
8.7,5.5,9.1,0,6,66.8,Medium
8.6,5.7,9.3,30,10,89.9,Low
5.1,4.9,6.1,30,7,62.9,Low
8.1,8.5,7.4,0,1,54.6,High
6.9,7.9,9.4,30,8,76.5,Medium
6.2,7.2,4.4,60,4,72.3,Low
7.2,9.3,5.2,30,9,84.9,Medium
8.3,10.2,6.0,60,6,85.9,Low
7.7,4.1,8.2,60,1,50.3,Medium
5.8,6.2,8.3,0,2,46.7,High
8.0,9.3,5.4,0,3,70.2,High
6.1,6.5,2.2,30,2,59.7,Medium
7.3,5.7,6.6,30,10,88.8,Low
6.6,9.7,3.7,15,7,89.6,Medium
6.7,4.7,2.3,15,1,63.7,Medium
8.1,6.8,2.8,30,9,82.2,Low
5.5,8.2,6.8,0,2,54.4,High
9.7,6.2,9.4,90,4,68.3,Low
4.5,9.2,6.1,0,8,73.2,High
6.2,6.2,6.5,60,3,67.0,Medium
7.5,10.6,9.0,0,9,75.1,Medium
7.8,7.2,2.1,0,7,77.9,Low
6.9,9.0,7.3,0,10,81.9,Low
6.9,9.1,6.0,90,3,68.5,Medium
7.6,6.1,7.4,0,3,58.9,Medium
6.7,3.0,4.8,30,5,61.7,Low
9.0,8.3,4.0,60,5,95.1,Low
8.2,7.7,6.4,30,10,93.3,Low
8.2,8.7,10.1,15,5,73.1,High
5.6,7.0,8.2,90,9,82.3,Low
6.9,6.6,4.7,60,9,87.8,Low
6.6,11.9,2.6,15,6,75.2,High
5.6,4.3,1.8,30,7,80.4,Low
7.5,9.1,9.3,90,10,95.2,Low
6.2,6.2,3.6,90,8,78.3,Low
7.9,6.8,5.2,15,9,83.3,Low
5.5,6.8,9.3,45,6,59.6,Medium
9.4,5.7,2.0,15,8,100.0,Low
5.7,8.8,9.7,15,2,52.6,High
7.3,10.6,5.4,0,10,89.0,Medium
8.1,8.5,3.1,0,8,96.3,Low
6.2,7.7,5.4,30,2,69.7,High
8.2,5.3,4.2,30,8,88.0,Low
5.3,8.6,7.1,0,2,55.5,High
9.0,12.2,4.4,15,3,72.2,High
7.0,6.7,1.2,15,7,92.0,Low
6.2,6.7,5.4,90,9,87.3,Low
6.6,6.3,2.6,60,3,70.4,Low
8.1,6.4,6.5,15,5,69.0,Medium
6.2,1.5,3.0,60,9,75.0,Low
6.0,8.4,4.8,15,7,81.1,Medium
6.7,5.6,6.5,30,2,62.3,Medium
5.4,4.0,5.5,90,5,62.4,Low
9.5,9.2,6.6,15,5,89.5,Medium
6.2,5.1,7.7,30,9,70.8,Low
8.2,6.8,3.1,0,2,70.4,Medium
7.3,10.7,5.8,0,1,56.1,High
5.6,4.4,1.0,30,4,65.4,Low
7.0,4.1,6.6,90,4,63.6,Low
8.1,8.1,5.2,30,1,67.2,Medium
6.7,10.0,3.5,60,10,90.9,Low
8.7,4.0,6.8,60,7,74.4,Low
8.4,8.4,8.9,0,2,59.1,High
8.3,8.8,4.8,15,9,91.0,Low
6.4,3.0,3.6,30,7,67.4,Low
5.5,9.3,6.4,30,7,75.9,Medium
6.1,9.4,2.7,0,1,53.5,High
7.3,6.8,4.3,90,9,99.0,Low
7.8,10.3,9.1,45,10,84.2,Medium
4.0,10.0,6.2,15,9,70.7,Medium
7.0,7.7,1.3,30,2,71.3,Medium
7.2,6.5,1.5,0,10,92.8,Low
6.6,5.4,6.4,30,9,79.0,Low
8.8,7.4,8.2,60,2,66.6,Medium
7.6,8.8,2.0,60,2,73.6,Medium
8.8,6.8,7.1,15,8,82.6,Low
6.7,2.7,9.3,30,3,42.5,Medium
8.3,10.3,10.7,30,3,60.4,High
9.3,7.9,6.8,15,7,91.1,Low
8.8,6.7,7.3,0,10,88.1,Low
5.5,9.4,1.0,30,6,83.6,Low
6.6,10.9,11.2,30,7,65.2,High
6.5,1.3,4.6,0,6,55.3,Low
7.7,8.5,3.7,0,9,94.0,Low
8.0,4.4,5.4,0,2,50.9,Medium
5.8,8.6,9.8,15,8,65.1,High
7.1,7.8,11.5,30,6,71.1,High
4.2,8.9,6.3,0,4,58.6,High
9.0,6.4,8.5,0,6,75.0,Medium
6.3,3.4,6.1,60,6,61.3,Low
7.1,6.5,3.4,0,10,83.8,Low
6.6,8.4,9.7,30,3,53.1,High
8.6,9.7,4.4,90,8,99.0,Low
3.5,4.9,9.8,30,5,44.3,High
7.0,9.8,9.2,45,10,87.5,Low
6.9,6.1,7.5,15,4,55.4,Medium
6.4,8.3,10.6,0,2,45.1,High
9.4,6.4,11.6,30,10,88.3,Low
5.8,7.9,5.6,30,1,51.7,High
8.1,9.5,4.0,0,7,85.2,Medium
7.5,4.8,1.3,30,10,87.5,Low
8.8,6.0,11.6,60,3,57.9,Medium
6.1,7.9,4.9,0,3,71.8,High
6.0,12.8,8.8,30,3,50.2,High
8.5,5.6,4.1,30,10,99.8,Low
7.6,12.0,9.8,45,3,57.4,High
4.8,11.9,4.2,45,2,57.2,High
6.2,7.3,3.0,45,6,75.6,Low
7.5,6.8,5.5,15,10,97.2,Low
8.2,6.0,4.7,0,3,73.7,Medium
6.0,7.3,7.5,15,1,47.6,High
3.5,4.4,5.9,30,10,72.6,Low
7.7,7.3,7.6,45,9,90.5,Low
5.3,10.8,5.3,90,6,77.2,Medium
4.2,6.2,4.3,30,6,66.7,Medium
3.5,7.0,4.5,30,10,77.3,Medium
8.1,3.8,11.1,30,9,73.8,Low
7.2,8.3,6.6,0,2,61.1,High
6.7,8.1,1.0,30,10,100.0,Low
8.9,7.6,4.7,30,9,100.0,Low
7.9,7.0,6.2,90,3,80.4,Low
9.3,6.9,10.6,15,3,56.3,Medium
5.1,8.6,8.6,90,3,58.0,High
7.0,7.4,3.7,30,1,62.9,Medium
4.7,8.2,12.0,0,10,64.7,High
6.7,8.0,5.9,0,7,75.0,Medium
6.7,10.0,9.1,0,10,73.0,Medium
7.9,9.0,3.1,30,7,89.3,Low
7.1,7.9,1.0,0,2,76.0,Medium
7.9,10.8,2.5,15,6,82.2,Medium
8.0,8.4,1.0,90,4,98.4,Low
10.0,10.4,11.3,30,7,71.0,Medium
6.6,8.8,6.5,45,7,72.8,Medium
5.7,3.4,3.7,0,4,52.4,Low
7.3,10.4,7.1,30,3,58.2,High
5.9,7.8,6.5,0,7,71.9,Medium
9.1,7.4,7.6,60,9,92.3,Low
6.6,8.1,9.0,0,4,53.8,High
6.2,6.7,5.3,30,6,67.6,Medium
6.3,8.0,3.8,30,7,84.8,Medium
8.0,6.2,8.1,30,10,88.0,Low
6.8,10.3,8.0,45,3,57.1,High
6.1,7.3,6.3,0,5,64.7,Medium
9.3,6.7,11.4,15,1,49.7,High
5.8,5.5,4.9,45,6,69.8,Low
7.0,8.1,3.8,30,5,87.3,Medium
7.9,7.9,7.0,15,7,90.4,Medium
4.7,8.4,4.3,0,9,76.8,Low
7.7,5.2,7.2,45,4,62.9,Low
5.5,4.0,3.9,90,9,83.8,Low
8.2,8.9,5.0,30,6,84.2,Medium
5.7,10.8,10.7,60,5,58.7,High
8.0,5.2,5.0,30,2,63.0,Low
8.5,11.0,4.0,0,1,63.0,High
8.2,8.1,8.9,0,8,80.2,Medium
7.4,7.5,3.4,30,6,85.8,Low
6.7,6.6,4.3,30,7,78.3,Low
6.2,4.5,7.4,45,6,63.2,Low
9.1,9.7,8.3,30,10,90.8,Low
6.0,5.8,9.1,90,7,59.0,Low
5.5,5.8,4.1,30,9,79.7,Low
7.9,9.7,7.5,15,5,73.3,High
5.9,3.4,4.8,0,1,41.7,Medium
5.7,4.1,4.5,30,1,46.1,Medium
5.0,7.5,9.0,60,9,71.3,Medium
6.3,8.1,4.6,0,5,73.3,Medium
6.9,8.6,6.7,90,2,65.1,Medium
7.3,6.8,6.4,90,3,73.2,Medium
8.3,13.1,3.3,30,1,64.6,High
7.7,7.0,8.4,15,6,64.9,Medium
6.7,7.0,7.4,0,6,70.8,Medium
6.7,5.7,1.0,0,3,74.5,Low
7.7,7.8,6.7,0,3,66.6,High
8.8,8.9,4.1,30,7,91.7,Low
7.2,10.1,8.7,0,1,46.5,High
6.3,4.2,2.4,45,5,69.7,Low
5.6,7.0,5.1,15,3,58.8,Medium
5.0,8.5,6.9,0,5,63.2,High
7.9,8.8,6.1,30,4,75.8,Medium
7.8,7.5,7.9,90,6,74.3,Low
7.8,8.7,2.2,30,9,93.2,Low
6.8,5.7,10.1,30,2,44.1,High
9.0,10.9,7.3,45,10,89.8,Low
6.3,9.7,9.4,45,8,73.4,High
8.3,4.5,8.2,60,2,55.9,Low
6.9,5.1,6.0,0,4,60.9,Low
6.1,5.2,2.8,60,9,93.7,Low
7.8,9.0,4.6,15,4,72.4,Medium
7.6,4.7,10.0,60,7,63.7,Medium
7.5,6.8,9.5,0,5,56.6,Medium
7.1,8.5,4.5,60,2,67.9,Medium
6.9,7.4,1.0,90,8,100.0,Low
10.3,8.1,5.5,0,10,100.0,Low
8.7,5.2,5.3,90,10,100.0,Low
8.0,8.8,5.4,0,2,61.6,High
7.2,6.2,7.3,0,3,55.7,High
8.4,6.8,8.2,15,10,84.2,Low
7.7,8.0,8.5,90,7,91.8,Low
7.0,7.7,7.1,30,5,72.5,Medium
6.6,7.6,1.5,30,10,99.9,Low
6.9,5.8,5.1,30,3,65.0,Medium
3.5,6.8,11.8,90,2,38.6,High
7.3,7.5,6.9,45,6,79.0,Low
6.3,4.5,6.9,0,10,70.0,Low
9.2,6.5,6.9,15,1,68.2,Medium
7.0,8.4,7.0,0,8,74.3,Medium
5.3,4.7,1.0,30,5,71.6,Low
6.9,10.0,5.4,0,5,71.3,High
5.5,10.3,5.9,0,2,51.2,High
7.7,4.8,9.2,60,7,70.6,Low
7.4,10.5,6.1,15,5,68.8,High
8.3,7.2,1.9,30,8,94.0,Low
5.9,8.4,7.1,15,5,72.2,High
7.0,6.4,4.0,0,9,83.1,Low
5.1,9.5,3.0,15,5,64.9,Medium
8.0,8.4,3.9,15,3,72.4,Medium
7.7,5.7,7.4,60,2,66.6,Medium
7.7,4.9,9.1,15,5,68.1,Low
7.0,4.3,7.2,15,10,76.6,Low
7.6,7.9,7.6,45,10,94.0,Low
9.2,8.8,7.2,45,5,88.3,Low
6.6,8.9,6.3,45,6,72.0,Medium
7.2,7.2,7.7,90,2,68.1,Medium
5.5,5.0,1.0,45,5,81.6,Low
5.8,6.0,6.3,15,1,52.3,High
7.1,10.0,3.4,45,3,72.2,Medium
8.5,6.4,8.9,30,3,64.0,Medium
6.6,7.8,5.6,0,3,71.4,High
6.7,5.1,6.1,15,3,57.3,Medium
6.4,8.2,2.2,0,8,84.1,Medium
6.3,6.5,8.5,0,1,47.6,High
7.4,9.8,7.6,0,6,65.1,High
4.9,9.2,7.4,0,6,57.5,High
8.8,6.4,4.0,60,1,71.2,Low
6.1,7.2,4.1,60,1,64.4,Medium
8.0,6.3,6.6,30,3,62.6,Medium
5.2,4.4,4.3,45,8,74.2,Low
7.9,5.6,7.1,0,6,67.0,Low
7.9,7.9,1.0,60,4,94.4,Low
7.5,8.2,4.8,30,5,79.8,Medium
5.6,7.8,10.5,0,10,69.4,Medium
7.3,6.8,7.1,0,3,59.5,Medium
5.3,9.6,6.4,15,6,71.3,High
6.6,7.6,11.0,0,6,62.9,High
8.4,9.0,1.0,15,6,86.8,Low
8.1,3.6,4.0,0,9,78.5,Low
7.0,1.0,5.0,0,10,69.4,Low
5.6,8.1,8.1,0,8,61.3,High
7.9,4.4,8.2,90,6,74.2,Low
7.0,7.0,3.8,0,2,61.0,Medium
3.8,6.8,8.5,0,4,42.7,High
8.1,11.0,5.0,30,6,76.3,Medium
7.0,8.4,9.0,60,9,88.0,Medium
8.7,7.9,3.4,15,2,79.1,Medium
5.5,9.3,5.7,60,6,72.0,Medium
3.5,8.3,4.8,15,10,75.4,Medium
7.4,6.5,8.6,0,10,78.8,Low
7.4,9.9,4.7,15,10,96.7,Low
4.6,5.1,5.9,30,7,62.3,Medium
5.6,8.2,7.3,15,8,66.1,High
10.9,4.1,7.4,30,9,88.9,Low
6.6,7.9,8.2,0,5,65.2,High
8.0,7.9,6.5,45,9,93.5,Low
6.1,11.2,5.0,15,9,78.4,Medium
4.1,4.1,5.1,30,7,60.9,Low
6.8,6.2,6.1,30,2,55.0,Medium
6.6,9.3,6.6,30,8,83.3,Medium
6.4,8.2,5.6,0,5,67.6,High
6.8,7.9,6.0,45,8,84.2,Low
7.4,5.4,2.2,45,2,72.0,Low
6.8,6.2,7.7,0,7,68.3,Medium
5.2,10.2,6.5,90,5,75.5,High
7.7,7.4,8.5,30,4,71.8,Medium
4.3,8.3,6.0,30,10,77.6,Medium
4.1,7.2,1.7,0,6,79.4,Medium
8.0,4.9,5.1,30,5,75.7,Low
7.7,9.6,5.5,0,6,76.1,Medium
6.9,8.6,7.9,15,9,77.0,Medium
5.0,12.6,1.0,15,1,55.5,High
6.0,5.3,6.1,45,1,43.9,Medium
6.6,9.3,7.3,0,6,69.4,High
4.8,4.6,4.3,45,2,47.1,Medium
6.0,7.8,6.2,15,8,79.7,Medium
7.9,9.6,4.4,15,7,82.1,Medium
9.0,2.9,4.2,45,6,77.7,Low
6.4,7.0,5.0,30,4,66.4,Medium
8.1,6.3,4.2,15,9,87.0,Low
4.3,6.0,7.7,15,7,61.5,Medium
7.9,8.3,4.2,15,7,84.6,Low
5.9,10.0,3.7,30,5,68.7,Medium
7.4,7.2,10.4,15,1,44.4,High
6.7,8.0,8.4,45,2,63.4,High
8.8,7.8,1.3,30,8,98.5,Low
5.8,7.5,4.1,0,5,70.0,Medium
7.9,5.1,6.6,15,2,65.9,Medium
6.6,9.9,6.8,0,5,61.3,High
6.8,8.1,2.3,15,8,88.0,Low
6.7,8.4,8.9,30,4,66.9,High
5.8,5.7,8.1,30,3,46.9,High
7.0,6.5,7.2,45,5,73.6,Medium
6.9,7.1,9.4,0,7,64.8,Medium
7.3,4.1,7.1,60,2,59.3,Medium
7.1,3.8,7.1,15,1,47.3,Medium
8.1,6.2,9.9,15,5,64.8,Medium
8.3,8.6,8.8,30,7,76.6,Medium
5.5,6.1,3.9,45,8,78.3,Low
8.2,5.3,7.6,15,8,73.5,Low
5.3,5.7,4.3,45,10,88.6,Low
7.8,6.5,7.3,60,9,86.8,Low
7.9,6.7,7.2,45,1,68.4,Medium
4.3,12.3,2.5,0,7,68.2,High
7.1,9.8,5.7,45,10,89.6,Low
6.3,9.8,6.7,45,8,77.3,Medium
5.9,10.1,4.9,30,6,69.6,Medium
8.9,5.3,6.8,45,10,91.1,Low
6.1,4.8,8.0,90,4,60.2,Low
5.9,5.1,5.9,15,7,64.3,Low
7.1,10.4,6.6,0,3,59.0,High
8.0,6.3,9.5,30,2,53.5,Medium
6.8,4.7,7.2,0,6,62.1,Low
8.6,6.6,6.5,0,2,65.7,High
7.7,7.0,3.6,30,6,81.5,Low
4.0,8.1,7.7,15,10,71.0,Medium
6.3,8.1,6.8,30,3,60.0,High
6.2,5.7,9.2,45,2,53.6,High
7.7,9.0,6.1,15,8,76.3,Medium
3.5,6.1,1.5,60,4,64.2,Medium
10.6,7.2,1.7,0,4,93.9,Low
7.7,9.0,7.8,45,7,76.9,Medium
7.2,6.1,4.6,45,8,82.3,Low
8.7,6.2,7.1,15,9,87.4,Low
10.3,8.8,6.3,0,10,89.3,Low
8.2,5.6,5.6,15,8,81.6,Low
8.3,6.7,5.8,45,4,73.1,Low
7.2,8.7,3.8,45,2,69.9,Medium
6.8,12.0,6.0,15,10,84.7,Medium
6.3,8.8,4.5,30,5,74.3,Medium
5.8,8.5,5.1,0,7,69.7,Medium
6.0,8.7,5.2,30,2,56.1,High
5.1,5.1,5.4,90,4,63.8,Low
6.9,7.8,8.3,0,6,62.4,Medium
4.6,7.4,5.7,60,8,82.3,Medium
7.3,8.2,8.6,45,10,82.6,Low
6.9,7.8,9.8,90,6,74.7,Low
7.2,8.3,8.1,0,6,61.9,Medium
6.3,6.8,7.3,0,6,57.5,Medium
11.0,7.6,6.8,0,4,80.3,Low
8.9,4.8,8.2,45,3,75.6,Low
5.3,6.8,6.2,30,1,49.1,High
7.3,10.6,8.5,0,2,54.4,High
6.1,8.2,7.5,45,2,57.4,High
5.6,7.5,5.1,0,10,86.7,Medium
5.1,11.7,8.2,0,7,57.0,High
7.6,4.5,6.2,15,6,62.9,Low
6.0,5.1,5.7,0,8,68.2,Low
8.4,11.3,4.8,0,9,79.2,Medium
8.4,7.6,6.4,15,5,73.1,Medium
8.9,7.0,8.5,60,3,72.0,Low
5.8,4.9,8.2,45,4,51.3,Medium
7.7,8.5,6.9,15,8,80.7,Low
7.9,8.7,7.5,45,3,72.6,Medium
6.3,5.1,9.2,30,2,43.9,High
5.9,7.2,5.6,15,7,75.9,Medium
9.3,6.8,3.2,45,4,83.8,Low
7.3,8.1,9.3,30,8,81.0,Low
7.9,5.0,4.7,30,1,65.3,Medium
5.8,10.3,4.3,30,8,71.6,Medium
5.3,9.5,1.5,30,5,72.5,Medium
6.2,6.7,7.4,15,2,52.1,High
6.8,7.0,1.9,60,1,69.4,Medium
5.5,7.2,4.1,0,6,74.5,Medium
7.0,5.8,7.5,60,9,81.8,Low
4.6,6.5,7.8,15,9,63.7,Medium
5.4,6.9,4.4,0,9,84.3,Low
7.9,11.0,5.7,30,4,75.7,Medium
7.8,9.6,3.8,15,6,76.6,Medium
6.5,9.6,4.6,45,10,88.6,Low
5.6,8.3,6.7,15,6,71.8,Medium
5.6,5.0,4.7,30,5,67.4,Low
6.5,7.4,5.4,15,2,67.0,High
7.9,9.6,2.3,0,7,97.4,Low
8.3,4.7,8.8,15,1,50.4,Medium
6.3,8.9,7.3,30,6,75.5,Medium
5.4,12.6,8.0,30,5,65.1,High
7.4,9.8,9.2,30,5,64.9,High
5.8,10.6,3.9,90,8,83.7,Medium
6.3,8.0,5.1,30,9,88.3,Medium
8.9,9.6,1.3,60,7,100.0,Low
8.2,5.9,13.9,0,10,73.5,Medium
7.2,9.3,5.6,0,8,80.9,Medium
5.2,8.9,8.6,15,2,47.5,High
7.3,8.1,2.9,0,2,65.6,Medium
8.5,10.4,8.5,30,8,79.9,Medium
6.5,6.3,10.6,30,6,54.9,Medium
8.9,7.1,5.8,30,8,86.1,Low
8.8,7.7,3.5,45,9,100.0,Low
9.3,5.2,5.7,90,9,91.2,Low
7.4,8.0,1.0,60,6,97.2,Low
7.8,3.7,5.9,0,8,75.4,Low
9.0,9.8,8.1,15,2,58.6,High
7.6,7.6,5.9,0,8,80.2,Low
6.3,6.4,5.3,0,3,53.5,High
6.4,5.7,7.3,30,1,52.0,High
7.3,7.0,7.5,30,7,69.9,Low
5.2,9.0,1.9,0,1,62.5,High
6.8,8.7,6.2,45,1,62.4,High
8.5,5.9,12.1,45,1,57.0,High
3.9,5.6,2.7,0,4,63.6,Medium
9.1,8.9,5.8,15,4,72.4,Medium
8.6,5.9,10.9,60,10,89.7,Low
6.4,7.6,8.8,30,6,65.5,High
7.8,7.8,4.7,15,10,91.9,Low
7.0,8.2,6.5,0,3,61.4,High
8.7,9.4,6.0,0,10,90.3,Low
8.4,4.7,4.1,0,6,83.8,Low
5.0,3.3,5.8,45,7,50.3,Low
7.8,6.3,5.3,0,1,66.0,Medium
6.7,11.5,6.3,0,6,69.1,High
7.1,11.9,4.1,0,10,85.5,Medium
6.0,11.5,2.8,45,1,58.6,High
9.4,7.1,5.9,0,7,84.7,Low
8.5,3.6,10.3,15,10,74.7,Low
6.0,2.3,6.2,30,5,57.2,Low
5.1,6.1,5.2,15,10,74.6,Low
6.5,7.1,7.9,0,4,61.9,High
7.6,10.4,5.6,0,1,54.9,High
7.3,9.4,10.7,45,9,75.5,Medium
8.8,8.0,6.0,90,7,100.0,Low
8.1,5.5,7.8,15,2,59.2,Medium
8.4,5.4,4.1,0,4,64.4,Low
7.5,8.1,7.3,0,4,67.4,High
5.1,9.0,6.7,45,8,76.7,Medium
6.7,8.4,5.9,30,2,64.2,High
8.5,5.2,4.7,45,5,67.5,Low
6.9,8.9,4.4,30,10,87.4,Low
7.7,8.4,6.7,60,8,81.3,Low
6.6,5.1,7.6,60,6,64.9,Low
5.6,5.8,5.7,45,4,62.7,Medium
6.8,9.0,6.7,30,5,68.4,Medium
7.4,7.0,5.9,15,2,60.0,High
6.1,11.0,6.2,30,5,57.9,High
6.7,8.6,5.5,30,3,62.5,High
5.7,6.4,6.0,30,3,54.8,Medium
8.6,7.5,12.7,0,7,69.6,Medium
6.6,7.6,6.8,30,3,65.5,Medium
9.0,5.9,7.6,30,4,72.6,Low
9.1,5.5,7.1,30,7,81.4,Low
6.9,9.0,5.3,0,3,67.7,High
5.6,9.4,9.2,15,10,67.4,Medium
4.1,8.8,5.3,0,10,81.4,Medium
4.9,10.8,8.6,60,2,52.6,High
5.1,6.3,5.2,30,10,78.8,Low
8.9,11.2,3.6,0,7,89.0,Low
7.2,5.5,6.9,0,5,67.4,Medium
7.5,5.3,3.2,30,1,62.9,Medium
3.9,3.6,7.3,0,10,60.8,Medium
5.3,6.5,3.0,90,8,85.7,Low
8.2,6.4,5.2,30,3,75.9,Medium
7.4,8.7,2.4,0,7,85.3,Low
6.8,8.0,13.1,30,6,60.9,High
7.8,4.9,1.9,0,10,91.5,Low
9.3,6.6,6.0,45,6,82.6,Low
6.7,6.7,8.9,15,8,63.7,Medium
7.1,3.6,8.6,90,4,63.0,Low
7.3,5.3,8.1,30,4,59.5,Medium
10.3,5.8,5.2,45,3,86.3,Low
4.1,10.7,9.4,0,1,38.1,High
8.0,7.9,8.3,15,10,92.0,Low
6.8,9.0,6.5,45,3,69.2,High
7.8,4.2,6.6,30,1,55.5,Medium
6.1,10.1,5.2,0,6,69.5,High
6.9,10.4,3.7,15,8,86.7,Medium
8.0,3.1,9.1,0,3,44.9,Medium
11.0,5.9,9.3,30,4,63.5,Low
8.1,8.6,3.8,15,5,84.8,Medium
5.8,8.9,5.6,15,7,77.0,High
